Version;Type;Gateway;Game date;Map;Race match-up;APMs;Length;Players;File;Comment;
module.repSearch.tab.results.header.version;module.repSearch.tab.results.header.type;module.repSearch.tab.results.header.gateway;module.repSearch.tab.results.header.fileDate;module.repSearch.tab.results.header.map;module.repSearch.tab.results.header.raceMatchup;module.repSearch.tab.results.header.apms;module.repSearch.tab.results.header.length;module.repSearch.tab.results.header.players;module.repSearch.tab.results.header.file;module.repSearch.tab.results.header.comment;
1.0.0.16117;AutoMM;Europe;2010-07-27 11:20:15;Lost Temple;TvT;218, 160;00:17:10;PredY vs Satiini;W:\sc2\(T)Satiini_vs_(T)PredY_LT_2010-07-27_1120.sc2replay;;
1.0.3.16291;AutoMM;Europe;2010-09-05 13:53:08;Steppes of War;TvZ;75, 106;00:17:50;anihilato vs skatman;W:\sc2\1v1-0323-Steppes of-ZvT-skatman, anihilato.SC2Replay;;
1.0.1.16195;AutoMM;Asia;2010-07-31 07:10:39;전쟁 초원;TvP;122, 97;00:12:24;띵하여 vs Dark;W:\sc2\1v1-dark.sc2replay;;
1.0.1.16195;AutoMM;Southeast Asia;2010-08-05 12:27:55;Kulas Ravine;PvT;87, 101;00:18:28;PYRO vs Stripes;W:\sc2\1v1-pyro-stripes.sc2replay;;
1.0.0.16117;AutoMM;Asia;2010-07-30 05:55:11;고철 처리장;PvZ;143, 260;00:15:16;ChiTaPrime vs GundamWeRRa;W:\sc2\20100802_Mystic(zerg)_vs_InCa(protoss)_steppes_of_war_sc2rep_com.sc2replay;;
1.0.2.16223;AutoMM;America;2010-08-09 02:34:19;Frontier;PTPvZPZ;67, 79, 38, 43, 90, 82;00:25:13;CorruptFurby, ALUCARD, Elvy vs Slushe, Burn, Ironsites;W:\sc2\3v3-alucard-burn-corruptfurby-elvy-ironsites.sc2replay;;
1.0.2.16223;Public;America;2010-08-13 01:25:22;Megaton;ZTPvTPP;115, 21, 49, 30, 22, 58;00:17:51;XelNagaMastr, Phaint, Jinwoo vs Racend, Sean, Mike;W:\sc2\4v4-jinwoo-mike-phaint-racend-sean-xelnagamastr.sc2replay;;
1.0.2.16223;Private;Europe;2010-08-17 01:26:51;Lost Temple;TvZ;87, 68;00:10:35;JonnyREcco vs TibblesEvilC;W:\sc2\asdfadsfa.sc2replay;;
1.0.0.16117;Single player;Unknown;2010-07-29 07:49:31;Covert Ops;;;00:04:13;;W:\sc2\challange\Covert Ops (4).SC2Replay;;
1.0.0.16117;Single player;Unknown;2010-07-28 07:43:29;Psionic Assault;;;00:12:19;;W:\sc2\challange\Psionic Assault (3).SC2Replay;;
1.0.1.16195;Single player;Unknown;2010-08-04 22:06:39;Psionic Assault;;;00:17:16;;W:\sc2\challange\Psionic Assault CLEAR.SC2Replay;;
1.0.0.16117;AutoMM;Asia;2010-07-28 18:56:23;금속도시;TvZ;169, 174;00:17:04;justfake vs CheckPrime;W:\sc2\CheckPrimeVSJustFake_ZvT_RRU - EP2.sc2replay;;
1.0.0.16117;Private;Europe;2010-07-29 12:05:40;Lava Flow;TvTvZvPvZvPvZvZ;92, 0, 0, 0, 0, 0, 0, 0;00:27:13;njAl vs Player 2 vs Player 3 vs Player 4 vs Player 5 vs Player 6 vs Player 7 vs Player 8;W:\sc2\comp\1v7 insane ffa achi.SC2Replay;;
1.0.0.16117;Private;Europe;2010-07-29 16:36:49;High Ground;PvPvPvPvPvPvPvP;124, 0, 0, 0, 0, 0, 0, 0;00:15:00;Fortune vs Player 2 vs Player 3 vs Player 4 vs Player 5 vs Player 6 vs Player 7 vs Player 8;W:\sc2\comp\High Ground.SC2Replay;;
1.0.3.16291;Private;America;2010-08-17 19:53:50;Desert Oasis;T;99;00:05:15;CanadianBakn;W:\sc2\Desert Oasis.SC2Replay;;
1.0.0.16117;AutoMM;America;2010-07-30 05:23:17;Dunas escaldantes Novato;TvT;15, 32;00:12:20;Khlauss vs roddds;W:\sc2\Dunas escaldantes Novato.SC2Replay;;
1.0.3.16291;AutoMM;Southeast Asia;2010-09-08 02:37:03;Lost Temple;TvP;0, 0;00:09:49;Optical vs yuGusoG;W:\sc2\Immortal_Hack.SC2Replay;;
1.0.0.16117;AutoMM;America;2010-07-30 05:23:17;Dunas escaldantes Novato;TvT;15, 32;00:12:20;Khlauss vs roddds;W:\sc2\localized\Dunas escaldantes Novato.SC2Replay;;
1.0.3.16291;AutoMM;Europe;2010-08-31 20:30:32;Бурлящие пески;ZvT;89, 75;00:16:42;NSP vs Ataman;W:\sc2\localized\russian.SC2Replay;;
1.0.3.16291;AutoMM;Europe;2010-08-29 01:14:03;Пещеры зел-нага;TvZ;48, 76;00:06:15;DisDooM vs NSP;W:\sc2\localized\russian2.SC2Replay;;
1.0.2.16223;AutoMM;Europe;2010-08-07 23:20:01;Квадрант «Дельта»;TvP;57, 30;00:09:17;Blaz vs Червякджим;W:\sc2\localized\russian3.SC2Replay;;
1.0.0.16117;Private;Europe;2010-07-27 18:22:34;Metalopolis;TvT;126, 122;00:09:44;miou vs GoOdy;W:\sc2\localized\SC2S_545_[EPS][Qualifier][G1]_miou_vs_GoOdy_Metalopolis.sc2replay;;
1.0.2.16223;AutoMM;Southeast Asia;2010-08-14 12:49:50;High Orbit;PPvTP;85, 48, 63, 74;00:09:55;Fenixius, WildTiger vs Eyescream, Saber;W:\sc2\LOL WUT.SC2Replay;;
1.0.1.16195;AutoMM;America;2010-08-04 13:48:38;Tarsonis Assault;TZvZP;110, 18, 54, 138;00:20:53;Lyra, Foxister vs Digileo, PoDk;W:\sc2\Lyra 1v1\1v2 win lol.SC2Replay;;
1.0.1.16195;AutoMM;America;2010-08-04 07:53:19;Lost Temple;ZvTvTvT;49, 31, 110, 58;00:14:28;Open vs Enerax vs Lyra vs Plato;W:\sc2\Lyra 1v1\ffa win.SC2Replay;;
1.0.0.16117;AutoMM;America;2010-07-29 06:41:34;Blistering Sands;PvT;119, 98;00:17:49;mithriL vs Lyra;W:\sc2\Lyra 1v1\tvp blistering los.SC2Replay;;
1.0.2.16223;AutoMM;America;2010-08-06 12:27:20;Xel'Naga Caverns;TvP;108, 140;00:22:04;Lyra vs FlyingSheep;W:\sc2\Lyra 1v1\tvp caverns los.SC2Replay;;
1.0.2.16223;AutoMM;America;2010-08-10 06:28:37;Steppes of War;PvT;133, 142;00:14:41;Copperhead vs Lyra;W:\sc2\Lyra 1v1\tvp copperhead steppes win.SC2Replay;;
1.0.1.16195;AutoMM;America;2010-08-01 10:25:36;Delta Quadrant;PvT;114, 102;00:16:30;GRRK vs Lyra;W:\sc2\Lyra 1v1\tvp delta win.SC2Replay;;
1.0.1.16195;AutoMM;America;2010-08-03 09:32:13;Delta Quadrant;TvP;98, 100;00:16:34;Lyra vs HugeLeftHook;W:\sc2\Lyra 1v1\tvp delta win2.SC2Replay;;
1.0.2.16223;AutoMM;America;2010-08-07 18:51:18;Desert Oasis;TvP;103, 113;00:14:09;Lyra vs MaiDoAri;W:\sc2\Lyra 1v1\tvp desert oasis win.SC2Replay;;
1.0.2.16223;AutoMM;America;2010-08-11 10:03:05;Desert Oasis;TvP;109, 109;00:12:32;Lyra vs RaMioN;W:\sc2\Lyra 1v1\tvp desert oasis win2.SC2Replay;;
1.0.2.16223;Private;America;2010-08-09 02:13:09;Jungle Basin;PvT;198, 114;00:10:05;EleK vs Lyra;W:\sc2\Lyra 1v1\tvp elek jungle basin win.SC2Replay;;
1.0.2.16223;Private;America;2010-08-08 03:39:59;Scrap Station;TvP;111, 226;00:10:10;Lyra vs HuK;W:\sc2\Lyra 1v1\tvp huk scrap los.SC2Replay;;
1.0.2.16223;AutoMM;America;2010-08-10 08:10:15;Delta Quadrant;PvT;234, 118;00:06:40;iNkA vs Lyra;W:\sc2\Lyra 1v1\tvp inka delta los.SC2Replay;;
1.0.2.16223;AutoMM;America;2010-08-06 12:52:17;Kulas Ravine;TvP;105, 97;00:11:42;Lyra vs Simon;W:\sc2\Lyra 1v1\tvp kulas win.SC2Replay;;
1.0.2.16223;AutoMM;America;2010-08-06 14:22:41;Kulas Ravine;TvP;122, 132;00:11:20;Lyra vs NKorean;W:\sc2\Lyra 1v1\tvp kulas win2.SC2Replay;;
1.0.0.16117;AutoMM;America;2010-07-29 00:09:36;Lost Temple;TvP;133, 108;00:09:24;Lyra vs Faythx;W:\sc2\Lyra 1v1\tvp lt win.SC2Replay;;
1.0.0.16117;AutoMM;America;2010-07-29 08:07:07;Lost Temple;PvT;82, 95;00:18:20;Time vs Lyra;W:\sc2\Lyra 1v1\tvp lt win2.SC2Replay;;
1.0.2.16223;AutoMM;America;2010-08-07 17:54:19;Lost Temple;TvP;119, 128;00:13:57;Lyra vs JiYan;W:\sc2\Lyra 1v1\tvp lt win3.SC2Replay;;
1.0.2.16223;Private;America;2010-08-08 08:36:24;Xel'Naga Caverns;TvP;120, 212;00:18:15;Lyra vs Moto;W:\sc2\Lyra 1v1\tvp mark caverns los.SC2Replay;;
1.0.1.16195;Private;America;2010-08-02 08:37:06;Xel'Naga Caverns;TvP;110, 140;00:19:36;Lyra vs Moto;W:\sc2\Lyra 1v1\tvp mark caverns win.SC2Replay;;
1.0.2.16223;Private;America;2010-08-08 08:17:20;Delta Quadrant;TvP;117, 171;00:10:15;Lyra vs Moto;W:\sc2\Lyra 1v1\tvp mark delta win.SC2Replay;;
1.0.2.16223;Private;America;2010-08-08 08:44:45;Lost Temple;TvP;122, 206;00:07:10;Lyra vs Moto;W:\sc2\Lyra 1v1\tvp mark lt los.SC2Replay;;
1.0.1.16195;Private;America;2010-08-03 02:43:42;Lost Temple;TvP;94, 134;00:22:23;Lyra vs Moto;W:\sc2\Lyra 1v1\tvp mark lt win.SC2Replay;;
1.0.2.16223;Private;America;2010-08-08 07:42:27;Lost Temple;TvP;121, 178;00:11:44;Lyra vs Moto;W:\sc2\Lyra 1v1\tvp mark lt win2.SC2Replay;;
1.0.2.16223;Private;America;2010-08-11 05:56:35;Lost Temple;TvP;128, 233;00:13:50;Lyra vs Moto;W:\sc2\Lyra 1v1\tvp mark lt win4.SC2Replay;;
1.0.2.16223;Private;America;2010-08-11 06:05:02;Lost Temple;TvP;100, 213;00:06:29;Lyra vs Moto;W:\sc2\Lyra 1v1\tvp mark lt win5.SC2Replay;;
1.0.2.16223;Private;America;2010-08-11 06:17:53;Lost Temple;TvP;103, 220;00:12:05;Lyra vs Moto;W:\sc2\Lyra 1v1\tvp mark lt win6.SC2Replay;;
1.0.0.16117;AutoMM;America;2010-07-29 06:10:57;Metalopolis;PvT;120, 94;00:12:44;Falcanium vs Lyra;W:\sc2\Lyra 1v1\tvp metal los.SC2Replay;;
1.0.2.16223;AutoMM;America;2010-08-06 16:16:39;Metalopolis;TvP;146, 112;00:11:19;Lyra vs BheLLioM;W:\sc2\Lyra 1v1\tvp metal win.SC2Replay;;
1.0.2.16223;AutoMM;America;2010-08-08 16:32:18;Metalopolis;TvP;117, 114;00:13:07;Lyra vs phantaxx;W:\sc2\Lyra 1v1\tvp metal win2.SC2Replay;;
1.0.0.16117;AutoMM;America;2010-07-29 09:35:30;Scrap Station;PvT;173, 95;00:15:51;Mantra vs Lyra;W:\sc2\Lyra 1v1\tvp scrap los.SC2Replay;;
1.0.2.16223;AutoMM;America;2010-08-10 08:02:19;Steppes of War;PvT;166, 134;00:07:48;stevo vs Lyra;W:\sc2\Lyra 1v1\tvp steppes los.SC2Replay;;
1.0.2.16223;AutoMM;America;2010-08-11 09:24:16;Steppes of War;TvP;150, 135;00:06:38;Lyra vs ViRaLRuSh;W:\sc2\Lyra 1v1\tvp steppes los2.SC2Replay;;
1.0.1.16195;AutoMM;America;2010-08-02 06:32:26;Steppes of War;TvP;102, 84;00:13:02;Lyra vs theshibk;W:\sc2\Lyra 1v1\tvp steppes win.SC2Replay;;
1.0.2.16223;AutoMM;America;2010-08-10 10:29:39;Steppes of War;TvP;110, 106;00:12:48;Lyra vs Devaztayta;W:\sc2\Lyra 1v1\tvp steppes win2.SC2Replay;;
1.0.2.16223;Private;America;2010-08-06 02:02:07;Xel'Naga Caverns;TvP;128, 111;00:14:59;Lyra vs ToN;W:\sc2\Lyra 1v1\tvp ton caverns win.SC2Replay;;
1.0.2.16223;AutoMM;America;2010-08-06 15:04:01;Metalopolis;PvT;120, 116;00:13:43;Zelica vs Lyra;W:\sc2\Lyra 1v1\tvp zelica metal win.SC2Replay;;
1.0.2.16223;AutoMM;America;2010-08-11 05:27:49;Lost Temple;TvT;93, 104;00:05:31;Lyra vs Android;W:\sc2\Lyra 1v1\tvt android lt win ROFL.SC2Replay;;
1.0.0.16117;AutoMM;America;2010-07-29 08:29:30;Blistering Sands;TvT;137, 82;00:14:58;Sworn vs Lyra;W:\sc2\Lyra 1v1\tvt blistering win.SC2Replay;;
1.0.1.16195;AutoMM;America;2010-08-04 12:25:49;Delta Quadrant;TvT;134, 104;00:13:19;plaPPy vs Lyra;W:\sc2\Lyra 1v1\tvt delta win.SC2Replay;;
1.0.2.16223;Private;America;2010-08-08 02:14:52;Blistering Sands;TvT;122, 101;00:13:37;ItsSoFLUFFY vs Lyra;W:\sc2\Lyra 1v1\tvt itssofluffy blistering win.SC2Replay;;
1.0.2.16223;AutoMM;America;2010-08-11 07:15:11;Lost Temple;TvT;110, 99;00:25:15;Lyra vs Kjai;W:\sc2\Lyra 1v1\tvt kjai lt win gg.SC2Replay;;
1.0.2.16223;Private;America;2010-08-08 01:44:44;Steppes of War;TvT;110, 117;00:07:10;KneeHi vs Lyra;W:\sc2\Lyra 1v1\tvt kneehi steppes win.SC2Replay;;
1.0.0.16117;AutoMM;America;2010-07-29 10:20:17;Kulas Ravine;TvT;123, 87;00:16:45;PeregrimDive vs Lyra;W:\sc2\Lyra 1v1\tvt kulas win.SC2Replay;;
1.0.0.16117;AutoMM;America;2010-07-29 09:17:07;Lost Temple;TvT;72, 55;00:10:19;Lyra vs baLLerWISH;W:\sc2\Lyra 1v1\tvt lt heleave.SC2Replay;;
1.0.2.16223;AutoMM;America;2010-08-08 17:51:39;Metalopolis;TvT;91, 100;00:20:06;Lyra vs Mcleod;W:\sc2\Lyra 1v1\tvt mcleod metal win.SC2Replay;;
1.0.1.16195;AutoMM;America;2010-08-04 13:26:57;Metalopolis;TvT;103, 132;00:08:45;Lyra vs Fiendish;W:\sc2\Lyra 1v1\tvt metal win.SC2Replay;;
1.0.2.16223;AutoMM;America;2010-08-10 10:43:36;Metalopolis;TvT;108, 120;00:11:10;Lyra vs PsyoniC;W:\sc2\Lyra 1v1\tvt metal win2.SC2Replay;;
1.0.0.16117;AutoMM;America;2010-07-29 07:00:35;Scrap Station;TvT;78, 157;00:18:34;Lyra vs Pride;W:\sc2\Lyra 1v1\tvt scrap los.SC2Replay;;
1.0.2.16223;AutoMM;America;2010-08-11 09:48:39;Scrap Station;TvT;113, 154;00:21:42;Lyra vs Nhan;W:\sc2\Lyra 1v1\tvt scrap win gg.SC2Replay;;
1.0.2.16223;AutoMM;America;2010-08-08 18:28:31;Blistering Sands;TvT;105, 125;00:17:56;Lyra vs Tasteless;W:\sc2\Lyra 1v1\tvt tasteless blistering win.SC2Replay;;
1.0.2.16223;Private;America;2010-08-06 03:13:10;Steppes of War;TvT;119, 105;00:09:13;Lyra vs zStrickened;W:\sc2\Lyra 1v1\tvt zstrickened steppes win.SC2Replay;;
1.0.2.16223;Private;America;2010-08-09 04:26:15;Blistering Sands;TvZ;98, 138;00:13:03;Lyra vs andeh;W:\sc2\Lyra 1v1\tvz andeh blistering win.SC2Replay;;
1.0.2.16223;Private;America;2010-08-06 04:43:04;Blistering Sands;TvZ;111, 167;00:16:07;Lyra vs GdR;W:\sc2\Lyra 1v1\tvz blistering sands gdr los.SC2Replay;;
1.0.0.16117;AutoMM;America;2010-07-29 07:32:11;Blistering Sands;TvZ;89, 106;00:18:14;Lyra vs PapaRoach;W:\sc2\Lyra 1v1\tvz blistering sands win.SC2Replay;;
1.0.1.16195;AutoMM;America;2010-08-03 09:10:00;Delta Quadrant;TvZ;121, 131;00:08:47;Lyra vs CatZ;W:\sc2\Lyra 1v1\tvz catz delta win.SC2Replay;;
1.0.0.16117;AutoMM;America;2010-07-28 23:57:25;Desert Oasis;TvZ;102, 160;00:10:17;Lyra vs Pain;W:\sc2\Lyra 1v1\tvz desert oasis win.SC2Replay;;
1.0.1.16195;AutoMM;America;2010-08-03 04:59:00;Desert Oasis;ZvT;255, 116;00:15:07;Sukut vs Lyra;W:\sc2\Lyra 1v1\tvz desert oasis win2.SC2Replay;;
1.0.1.16195;Private;America;2010-08-03 07:27:30;Desert Oasis;ZvT;93, 73;00:21:38;Disastorm vs Lyra;W:\sc2\Lyra 1v1\tvz desert oasis win3.SC2Replay;;
1.0.1.16195;Private;America;2010-08-03 07:02:23;Desert Oasis;ZvT;110, 97;00:17:04;Disastorm vs Lyra;W:\sc2\Lyra 1v1\tvz desert oasis win4.SC2Replay;;
1.0.1.16195;AutoMM;America;2010-08-03 06:33:48;Desert Oasis;TvZ;112, 107;00:15:15;Lyra vs Disastorm;W:\sc2\Lyra 1v1\tvz desert oasis win5.SC2Replay;;
1.0.1.16195;AutoMM;America;2010-08-04 12:36:36;Lost Temple;TvZ;116, 136;00:08:56;Lyra vs ferro;W:\sc2\Lyra 1v1\tvz lt win silver build.SC2Replay;;
1.0.1.16195;AutoMM;America;2010-08-04 13:17:05;Lost Temple;ZvT;169, 115;00:11:06;Fives vs Lyra;W:\sc2\Lyra 1v1\tvz lt win silverbuild2.SC2Replay;;
1.0.2.16223;Private;America;2010-08-07 21:50:49;Agria Valley;TvZ;105, 112;00:09:44;Lyra vs PileOPoop;W:\sc2\Lyra 1v1\tvz pileopoop agria win.SC2Replay;;
1.0.2.16223;Private;America;2010-08-09 02:45:22;Agria Valley;TvZ;121, 180;00:16:14;Lyra vs Sheth;W:\sc2\Lyra 1v1\tvz sheth agria los.SC2Replay;;
1.0.2.16223;Private;America;2010-08-07 21:10:24;Metalopolis;ZvT;273, 118;00:08:24;Siffer vs Lyra;W:\sc2\Lyra 1v1\tvz siffer metal win.SC2Replay;;
1.0.2.16223;AutoMM;America;2010-08-08 17:03:49;Steppes of War;ZvT;162, 100;00:16:43;NeRzyMan vs Lyra;W:\sc2\Lyra 1v1\tvz steppes los ghosts.SC2Replay;;
1.0.0.16117;AutoMM;America;2010-07-28 23:01:53;Steppes of War;TvZ;97, 90;00:13:43;Lyra vs Kaybash;W:\sc2\Lyra 1v1\tvz steppes win.SC2Replay;;
1.0.2.16223;Private;America;2010-08-06 03:39:15;Xel'Naga Caverns;ZvT;215, 99;00:13:53;iDTelecoM vs Lyra;W:\sc2\Lyra 1v1\tvz telecom caverns win.SC2Replay;;
1.0.0.16117;AutoMM;Europe;2010-07-27 01:11:44;Twilight Fortress;PPvTT;104, 66, 76, 93;00:07:44;SCIIGears, Koulimo vs kami, HlardirR;W:\sc2\my\2010-07-27 01-11-44.SC2Replay;;
1.0.0.16117;AutoMM;Europe;2010-07-27 01:32:29;Scorched Haven;TZvTP;120, 67, 41, 32;00:17:02;SCIIGears, ZyX vs AironCel, RealPhoenix;W:\sc2\my\2010-07-27 01-32-29.SC2Replay;;
1.0.0.16117;AutoMM;Europe;2010-07-27 01:54:06;Tarsonis Assault;ZTvPT;133, 93, 64, 72;00:18:18;SCIIGears, tmy vs hellzoorber, Shade;W:\sc2\my\2010-07-27 01-54-06.SC2Replay;;
1.0.0.16117;AutoMM;Europe;2010-07-27 02:15:08;Monlyth Ridge;TPvTP;123, 54, 140, 58;00:09:16;SCIIGears, Salemenos vs Nekropolis, CargoBay;W:\sc2\my\2010-07-27 02-15-08.SC2Replay;;
1.0.0.16117;AutoMM;Europe;2010-07-27 02:28:15;Monlyth Ridge;PTvTZ;113, 62, 95, 102;00:12:04;SCIIGears, Raiderz vs KillaGorilla, iFEARdilemma;W:\sc2\my\2010-07-27 02-28-15.SC2Replay;;
1.0.0.16117;AutoMM;Europe;2010-07-27 02:40:26;Discord IV;ZTvTP;126, 78, 63, 43;00:09:59;SCIIGears, BängGäng vs Medallicator, Mengske;W:\sc2\my\2010-07-27 02-40-26.SC2Replay;;
1.0.0.16117;AutoMM;Europe;2010-07-27 02:59:57;Discord IV;TTvTZ;117, 78, 70, 59;00:13:48;SCIIGears, darglein vs JustForFun, Litan;W:\sc2\my\2010-07-27 02-59-57.SC2Replay;;
1.0.0.16117;AutoMM;Europe;2010-07-27 03:06:42;War Zone;ZZvTZ;101, 83, 45, 36;00:05:26;SCIIGears, darglein vs Falco, Zeyar;W:\sc2\my\2010-07-27 03-06-42.SC2Replay;;
1.0.0.16117;AutoMM;Europe;2010-07-27 03:20:43;Scorched Haven;ZZvTT;113, 86, 41, 42;00:12:24;SCIIGears, darglein vs Nekogami, Inkarnior;W:\sc2\my\2010-07-27 03-20-43.SC2Replay;;
1.0.0.16117;AutoMM;Europe;2010-07-27 23:09:19;Twilight Fortress;TTvPP;88, 49, 60, 55;00:06:45;SCIIGears, Talendra vs Bubbel, Orme;W:\sc2\my\2010-07-27 23-09-19.SC2Replay;;
1.0.0.16117;AutoMM;Europe;2010-07-27 23:24:20;Discord IV;TPvTT;115, 38, 103, 96;00:13:45;SCIIGears, sheever vs SpammeR, IneedAnswers;W:\sc2\my\2010-07-27 23-24-20.SC2Replay;;
1.0.0.16117;AutoMM;Europe;2010-07-27 23:35:48;Monlyth Ridge;PZvPT;114, 62, 50, 129;00:10:47;SCIIGears, Puppy vs ForceUnknown, SMOGENHAGEN;W:\sc2\my\2010-07-27 23-35-48.SC2Replay;;
1.0.0.16117;AutoMM;Europe;2010-07-27 23:51:19;War Zone;ZZvZP;120, 81, 93, 105;00:13:06;SCIIGears, nCr vs Oui, MrOwl;W:\sc2\my\2010-07-27 23-51-19.SC2Replay;;
1.0.0.16117;AutoMM;Europe;2010-07-27 23:57:35;Tempest;ZTvTZ;148, 45, 40, 78;00:04:02;SCIIGears, Sui vs Dee, Lymmeln;W:\sc2\my\2010-07-27 23-57-35.SC2Replay;;
1.0.0.16117;AutoMM;Europe;2010-07-28 00:05:35;Arid Wastes;PTvPT;130, 45, 60, 65;00:06:39;SCIIGears, Sui vs Khazaz, Tuma;W:\sc2\my\2010-07-28 00-05-35.SC2Replay;;
1.0.0.16117;AutoMM;Europe;2010-07-28 00:16:24;War Zone;TTvZP;117, 49, 106, 102;00:08:17;SCIIGears, babba vs Fouz, Kelzo;W:\sc2\my\2010-07-28 00-16-24.SC2Replay;;
1.0.0.16117;AutoMM;Europe;2010-07-28 00:34:26;High Orbit;ZTvZT;139, 115, 73, 69;00:16:17;SCIIGears, MiMaT vs rono, Sunne;W:\sc2\my\2010-07-28 00-34-26.SC2Replay;;
1.0.0.16117;AutoMM;Europe;2010-07-28 21:59:56;Arid Wastes;TPvZZ;135, 93, 76, 56;00:09:44;SCIIGears, iLLuSia vs nava, MatricksOne;W:\sc2\my\2010-07-28 21-59-56.SC2Replay;;
1.0.0.16117;AutoMM;Europe;2010-07-28 22:14:23;Tarsonis Assault;TPvPP;142, 27, 38, 38;00:12:05;SCIIGears, Wueste vs mnemonic, Kampfy;W:\sc2\my\2010-07-28 22-14-23.SC2Replay;;
1.0.0.16117;AutoMM;Europe;2010-07-28 22:36:05;Twilight Fortress;TZvZP;132, 74, 81, 61;00:20:09;SCIIGears, Daedalus vs TOVGiS, LEiF;W:\sc2\my\2010-07-28 22-36-05.SC2Replay;;
1.0.0.16117;AutoMM;Europe;2010-07-28 22:52:23;Discord IV;PTvPZ;93, 75, 95, 76;00:15:06;SCIIGears, Demju vs loveeyes, FaTa;W:\sc2\my\2010-07-28 22-52-23.SC2Replay;;
1.0.0.16117;AutoMM;Europe;2010-07-28 23:00:55;Scorched Haven;PZvZT;107, 67, 57, 71;00:07:19;SCIIGears, pReDaToR vs ZwakkeHond, Meneer;W:\sc2\my\2010-07-28 23-00-55.SC2Replay;;
1.0.0.16117;AutoMM;Europe;2010-07-28 23:13:23;High Orbit;TPvPZ;128, 59, 87, 86;00:10:40;SCIIGears, DavidHenry vs Prog, Afterraupe;W:\sc2\my\2010-07-28 23-13-23.SC2Replay;;
1.0.0.16117;AutoMM;Europe;2010-07-28 23:26:05;Monlyth Ridge;TPvZT;97, 38, 85, 52;00:11:14;SCIIGears, Tempest vs Bessefar, poweerrD;W:\sc2\my\2010-07-28 23-26-05.SC2Replay;;
1.0.0.16117;AutoMM;Europe;2010-07-28 23:34:16;Twilight Fortress;ZPvPP;96, 86, 9, 27;00:06:36;SCIIGears, Ayer vs Kenned, Chrisroed;W:\sc2\my\2010-07-28 23-34-16.SC2Replay;;
1.0.0.16117;AutoMM;Europe;2010-07-28 23:43:07;High Orbit;PPvPP;96, 97, 84, 80;00:07:43;SCIIGears, Ayer vs teach, Kosmo;W:\sc2\my\2010-07-28 23-43-07.SC2Replay;;
1.0.0.16117;AutoMM;Europe;2010-07-28 23:52:39;Scorched Haven;TPvTZ;116, 90, 29, 73;00:08:41;SCIIGears, Ayer vs Fourbex, NimS;W:\sc2\my\2010-07-28 23-52-39.SC2Replay;;
1.0.0.16117;AutoMM;Europe;2010-07-29 00:06:57;Monlyth Ridge;ZPvZT;113, 80, 43, 36;00:13:12;SCIIGears, Ayer vs Xalo, zeREBRus;W:\sc2\my\2010-07-29 00-06-57.SC2Replay;;
1.0.0.16117;AutoMM;Europe;2010-07-29 00:30:49;Tarsonis Assault;ZPvTT;90, 101, 44, 77;00:22:59;SCIIGears, Ayer vs Vitalica, Dare;W:\sc2\my\2010-07-29 00-30-49.SC2Replay;;
1.0.0.16117;AutoMM;Europe;2010-07-29 00:41:55;Tarsonis Assault;ZPvZZ;129, 100, 167, 133;00:09:58;SCIIGears, Ayer vs HasSslA, JackHerrer;W:\sc2\my\2010-07-29 00-41-55.SC2Replay;;
1.0.0.16117;AutoMM;Europe;2010-07-29 01:38:16;Monlyth Ridge;TTvTP;106, 47, 104, 62;00:17:01;SCIIGears, Kaliq vs Kojak, Sabatiel;W:\sc2\my\2010-07-29 01-38-16.SC2Replay;;
1.0.0.16117;AutoMM;Europe;2010-07-29 01:47:04;Arid Wastes;PTvTZ;119, 45, 42, 72;00:08:14;SCIIGears, Terrorboy vs Platin, Jalexo;W:\sc2\my\2010-07-29 01-47-04.SC2Replay;;
1.0.0.16117;AutoMM;Europe;2010-07-29 01:58:25;High Orbit;PPvPZ;93, 56, 113, 52;00:09:17;SCIIGears, RiKeD vs JiaanN, Phanthar;W:\sc2\my\2010-07-29 01-58-25.SC2Replay;;
1.0.0.16117;AutoMM;Europe;2010-07-29 02:15:23;Scorched Haven;PZvZT;93, 86, 129, 77;00:15:58;SCIIGears, Onimenokyo vs Jagger, WeylanYutani;W:\sc2\my\2010-07-29 02-15-23.SC2Replay;;
1.0.0.16117;AutoMM;Europe;2010-07-29 02:24:55;Tempest;ZPvZP;109, 71, 75, 34;00:07:37;SCIIGears, tmy vs aSaKko, Cyrik;W:\sc2\my\2010-07-29 02-24-55.SC2Replay;;
1.0.0.16117;AutoMM;Europe;2010-07-29 02:31:42;Twilight Fortress;TTvTT;95, 58, 113, 62;00:04:35;SCIIGears, Zaidar vs busik, saifer;W:\sc2\my\2010-07-29 02-31-42.SC2Replay;;
1.0.0.16117;AutoMM;Europe;2010-07-29 02:43:18;High Orbit;TTvTP;76, 48, 83, 69;00:10:31;SCIIGears, MagiusCHE vs Oneup, BiOhAzArD;W:\sc2\my\2010-07-29 02-43-18.SC2Replay;;
1.0.1.16195;AutoMM;Europe;2010-07-31 12:51:32;Tarsonis Assault;PZvZP;84, 77, 69, 65;00:16:35;SCIIGears, larylance vs Tudor, Runkelhuhn;W:\sc2\my\2010-07-31 12-51-32.SC2Replay;;
1.0.1.16195;AutoMM;Europe;2010-07-31 13:05:05;Monlyth Ridge;ZPvTP;126, 109, 65, 44;00:11:45;SCIIGears, Strategy vs MaRTe, Sanguine;W:\sc2\my\2010-07-31 13-05-05.SC2Replay;;
1.0.1.16195;AutoMM;Europe;2010-07-31 13:15:09;War Zone;PPvPP;113, 92, 69, 48;00:08:54;SCIIGears, Espresso vs thunderspy, thunderfly;W:\sc2\my\2010-07-31 13-15-09.SC2Replay;;
1.0.1.16195;AutoMM;Europe;2010-07-31 13:20:34;Tarsonis Assault;PPvPP;131, 70, 61, 79;00:04:27;SCIIGears, Espresso vs Monsterix, Ilumm;W:\sc2\my\2010-07-31 13-20-34.SC2Replay;;
1.0.1.16195;AutoMM;Europe;2010-07-31 13:33:16;Scorched Haven;TPvTZ;106, 97, 92, 65;00:12:13;SCIIGears, Espresso vs BaDDy, Eden;W:\sc2\my\2010-07-31 13-33-16.SC2Replay;;
1.0.1.16195;AutoMM;Europe;2010-07-31 13:45:48;Discord IV;ZPvPP;148, 88, 73, 120;00:11:51;SCIIGears, Espresso vs XenoX, minigerdi;W:\sc2\my\2010-07-31 13-45-48.SC2Replay;;
1.0.1.16195;AutoMM;Europe;2010-07-31 14:26:32;Discord IV;TZvZT;104, 105, 68, 86;00:13:03;SCIIGears, Palladann vs Proteus, Petitdragon;W:\sc2\my\2010-07-31 14-26-32.SC2Replay;;
1.0.1.16195;AutoMM;Europe;2010-07-31 21:49:58;Discord IV;TZvPT;103, 61, 68, 64;00:08:19;SCIIGears, TheZohan vs Antares, Vil;W:\sc2\my\2010-07-31 21-49-58.SC2Replay;;
1.0.1.16195;AutoMM;Europe;2010-07-31 22:09:13;Arid Wastes;PZvZT;87, 66, 84, 59;00:18:20;SCIIGears, riDDim vs Lamapudding, Lamanator;W:\sc2\my\2010-07-31 22-09-13.SC2Replay;;
1.0.1.16195;AutoMM;Europe;2010-07-31 22:45:59;Monlyth Ridge;PPvPT;96, 92, 87, 96;00:14:56;SCIIGears, Espresso vs Ginmarr, TobinatoR;W:\sc2\my\2010-07-31 22-45-59.SC2Replay;;
1.0.1.16195;AutoMM;Europe;2010-07-31 23:04:51;Scorched Haven;ZTvZT;123, 74, 90, 78;00:18:20;SCIIGears, Pheonix vs WotanII, Talanthalos;W:\sc2\my\2010-07-31 23-04-51.SC2Replay;;
1.0.1.16195;AutoMM;Europe;2010-07-31 23:20:39;Tarsonis Assault;PPvPZ;89, 81, 98, 60;00:14:46;SCIIGears, Graxx vs LoloMINUS, Neme;W:\sc2\my\2010-07-31 23-20-39.SC2Replay;;
1.0.1.16195;AutoMM;Europe;2010-07-31 23:26:39;Tempest;PTvTP;117, 86, 112, 70;00:04:59;SCIIGears, Sour vs TiKToK, Sithis;W:\sc2\my\2010-07-31 23-26-39.SC2Replay;;
1.0.1.16195;AutoMM;Europe;2010-07-31 23:44:01;Tarsonis Assault;ZPvPT;125, 71, 67, 71;00:16:33;SCIIGears, Sway vs Ziomeczek, imba;W:\sc2\my\2010-07-31 23-44-01.SC2Replay;;
1.0.1.16195;AutoMM;Europe;2010-08-01 13:02:22;Discord IV;ZTvPZ;129, 66, 58, 93;00:10:28;SCIIGears, Feyka vs Dominator, lll;W:\sc2\my\2010-08-01 13-02-22.SC2Replay;;
1.0.1.16195;AutoMM;Europe;2010-08-01 13:12:38;Tempest;ZTvZT;121, 60, 84, 39;00:08:56;SCIIGears, Holyheal vs Meeelting, CKlon;W:\sc2\my\2010-08-01 13-12-38.SC2Replay;;
1.0.1.16195;AutoMM;Europe;2010-08-01 13:33:40;Tarsonis Assault;PZvTZ;92, 71, 39, 105;00:20:41;SCIIGears, Influ vs CKlon, Meeelting;W:\sc2\my\2010-08-01 13-33-40.SC2Replay;;
1.0.1.16195;AutoMM;Europe;2010-08-01 13:46:56;Arid Wastes;ZPvPP;120, 90, 48, 114;00:12:36;SCIIGears, Sebi vs shRk, RiNeDS;W:\sc2\my\2010-08-01 13-46-56.SC2Replay;;
1.0.1.16195;AutoMM;Europe;2010-08-01 14:02:42;Arid Wastes;PPvZP;93, 59, 72, 82;00:14:42;SCIIGears, FreakOr vs Wulfger, NoxMortem;W:\sc2\my\2010-08-01 14-02-42.SC2Replay;;
1.0.1.16195;AutoMM;Europe;2010-08-01 22:39:04;Monlyth Ridge;ZPvTT;121, 36, 60, 73;00:17:02;SCIIGears, Exan vs drasked, Mellzor;W:\sc2\my\2010-08-01 22-39-04.SC2Replay;;
1.0.1.16195;AutoMM;Europe;2010-08-01 23:08:10;War Zone;ZPvZT;107, 145, 115, 92;00:28:38;SCIIGears, Meth vs QINOX, Bruut;W:\sc2\my\2010-08-01 23-08-10.SC2Replay;;
1.0.1.16195;AutoMM;Europe;2010-08-01 23:21:33;High Orbit;ZZvTZ;80, 115, 82, 91;00:09:50;SCIIGears, PeterPaaPan vs Hallas, Nokk;W:\sc2\my\2010-08-01 23-21-33.SC2Replay;;
1.0.1.16195;AutoMM;Europe;2010-08-01 23:30:47;Tarsonis Assault;PTvZT;92, 116, 119, 89;00:08:28;SCIIGears, taa vs Legend, ninjabear;W:\sc2\my\2010-08-01 23-30-47.SC2Replay;;
1.0.1.16195;AutoMM;Europe;2010-08-01 23:34:44;Monlyth Ridge;ZZvTP;78, 70, 51, 99;00:02:56;SCIIGears, ProteinA vs MKProfessor, SamirDuran;W:\sc2\my\2010-08-01 23-34-44.SC2Replay;;
1.0.1.16195;AutoMM;Europe;2010-08-01 23:50:50;High Orbit;PPvPT;98, 26, 75, 67;00:15:12;SCIIGears, thegreg vs CrossRazor, ProteinA;W:\sc2\my\2010-08-01 23-50-50.SC2Replay;;
1.0.1.16195;AutoMM;Europe;2010-08-02 00:10:16;Twilight Fortress;TZvTP;89, 167, 80, 103;00:18:25;SCIIGears, MantiS vs SweetSpot, sMoKe;W:\sc2\my\2010-08-02 00-10-16.SC2Replay;;
1.0.1.16195;AutoMM;Europe;2010-08-02 22:54:01;Arid Wastes;TPvTT;125, 71, 85, 46;00:12:42;SCIIGears, Vophsix vs Erythrocyte, Spooked;W:\sc2\my\2010-08-02 22-54-01.SC2Replay;;
1.0.1.16195;AutoMM;Europe;2010-08-02 23:04:30;Scorched Haven;TPvZT;89, 79, 72, 71;00:08:06;SCIIGears, Jollem vs Sobo, Melrion;W:\sc2\my\2010-08-02 23-04-30.SC2Replay;;
1.0.1.16195;AutoMM;Europe;2010-08-02 23:14:47;Discord IV;TTvTT;93, 48, 212, 56;00:09:21;SCIIGears, Yogibear vs TiQvi, Holyheal;W:\sc2\my\2010-08-02 23-14-47.SC2Replay;;
1.0.1.16195;AutoMM;Europe;2010-08-02 23:20:47;War Zone;ZZvPZ;117, 58, 68, 87;00:04:22;SCIIGears, UFOcz vs crAzy, Cyclone;W:\sc2\my\2010-08-02 23-20-47.SC2Replay;;
1.0.1.16195;AutoMM;Europe;2010-08-02 23:36:32;High Orbit;TPvPT;116, 52, 131, 71;00:14:34;SCIIGears, Roflchoppa vs JellyFiSh, EniGma;W:\sc2\my\2010-08-02 23-36-32.SC2Replay;;
1.0.1.16195;AutoMM;Europe;2010-08-02 23:45:27;Tempest;PZvTZ;109, 72, 46, 65;00:05:46;SCIIGears, LiquidSun vs Chiyo, Vendara;W:\sc2\my\2010-08-02 23-45-27.SC2Replay;;
1.0.1.16195;AutoMM;Europe;2010-08-02 23:58:22;War Zone;PTvZZ;83, 66, 62, 83;00:11:56;SCIIGears, Nerox vs Cyb, HeRaCliO;W:\sc2\my\2010-08-02 23-58-22.SC2Replay;;
1.0.1.16195;AutoMM;Europe;2010-08-03 00:14:06;Discord IV;PZvZP;86, 102, 85, 74;00:13:59;SCIIGears, bgronn vs RockNLoL, OverLoL;W:\sc2\my\2010-08-03 00-14-06.SC2Replay;;
1.0.1.16195;Public;Europe;2010-08-04 22:51:32;Lost Temple;ZPvPT;117, 47, 58, 45;00:15:58;SCIIGears, Runforlife vs LooseCannon, ufrRIPPER;W:\sc2\my\2010-08-04 22-51-32.SC2Replay;;
1.0.1.16195;Public;Europe;2010-08-04 22:58:19;Lost Temple;ZPvTT;114, 63, 35, 14;00:04:22;SCIIGears, Suzaku vs Ranathor, Thelanor;W:\sc2\my\2010-08-04 22-58-19.SC2Replay;;
1.0.1.16195;AutoMM;Europe;2010-08-04 23:34:20;Tarsonis Assault;TTvTP;104, 56, 70, 101;00:14:32;SCIIGears, Storm vs Sodesk, Dolp;W:\sc2\my\2010-08-04 23-34-20.SC2Replay;;
1.0.1.16195;AutoMM;Europe;2010-08-04 23:50:33;Arid Wastes;TPvPT;120, 68, 107, 75;00:13:53;SCIIGears, MiniWedge vs Dolp, Sodesk;W:\sc2\my\2010-08-04 23-50-33.SC2Replay;;
1.0.1.16195;AutoMM;Europe;2010-08-05 00:06:22;Scorched Haven;PZvPP;104, 65, 48, 64;00:14:06;SCIIGears, Challenger vs Nicephore, KoUz;W:\sc2\my\2010-08-05 00-06-22.SC2Replay;;
1.0.1.16195;AutoMM;Europe;2010-08-05 00:19:33;Twilight Fortress;PZvZZ;102, 70, 74, 121;00:12:13;SCIIGears, Challenger vs Jasin, Dewa;W:\sc2\my\2010-08-05 00-19-33.SC2Replay;;
1.0.1.16195;AutoMM;Europe;2010-08-05 00:30:56;Tempest;TTvPP;104, 95, 85, 95;00:09:42;SCIIGears, Kookiz vs ElfO, Das;W:\sc2\my\2010-08-05 00-30-56.SC2Replay;;
1.0.1.16195;AutoMM;Europe;2010-08-05 00:43:42;Tempest;TTvZZ;132, 107, 108, 65;00:11:25;SCIIGears, nzhul vs Boo, Saian;W:\sc2\my\2010-08-05 00-43-42.SC2Replay;;
1.0.1.16195;AutoMM;Europe;2010-08-05 00:56:37;Tempest;ZPvTT;129, 44, 69, 80;00:11:14;SCIIGears, pyrokante vs Ortmon, EpiioN;W:\sc2\my\2010-08-05 00-56-37.SC2Replay;;
1.0.1.16195;AutoMM;Europe;2010-08-05 01:57:44;Twilight Fortress;ZPvPZ;126, 88, 55, 96;00:07:24;SCIIGears, Hohenheim vs Loi, ProteinA;W:\sc2\my\2010-08-05 01-57-44.SC2Replay;;
1.0.1.16195;AutoMM;Europe;2010-08-05 02:12:48;Scorched Haven;TPvZP;109, 82, 145, 55;00:14:36;SCIIGears, Fluxx vs Vendetta, Farydrath;W:\sc2\my\2010-08-05 02-12-48.SC2Replay;;
1.0.1.16195;AutoMM;Europe;2010-08-05 02:26:40;High Orbit;TPvPP;115, 48, 54, 142;00:09:43;SCIIGears, FlowinEnno vs ekSi, HikenNoAce;W:\sc2\my\2010-08-05 02-26-40.SC2Replay;;
1.0.1.16195;AutoMM;Europe;2010-08-05 02:39:49;Scorched Haven;PPvTT;112, 93, 106, 95;00:12:02;SCIIGears, RaptorS vs Lillekanin, CiZiN;W:\sc2\my\2010-08-05 02-39-49.SC2Replay;;
1.0.2.16223;AutoMM;Europe;2010-08-06 22:39:32;Monlyth Ridge;TPvZP;129, 95, 79, 60;00:21:20;SCIIGears, hAze vs Bizzar, Berlingot;W:\sc2\my\2010-08-06 22-39-32.SC2Replay;;
1.0.2.16223;AutoMM;Europe;2010-08-06 22:54:17;War Zone;TZvPP;118, 145, 89, 59;00:13:20;SCIIGears, Hauron vs Jkee, Lich;W:\sc2\my\2010-08-06 22-54-17.SC2Replay;;
1.0.2.16223;AutoMM;Europe;2010-08-06 23:07:53;Tarsonis Assault;TZvZZ;114, 99, 63, 67;00:12:18;SCIIGears, Ulysse vs Malfunction, YelloW;W:\sc2\my\2010-08-06 23-07-53.SC2Replay;;
1.0.2.16223;AutoMM;Europe;2010-08-06 23:20:30;Scorched Haven;TZvPP;101, 67, 89, 50;00:11:27;SCIIGears, Mexx vs SommarTomten, Bilskrot;W:\sc2\my\2010-08-06 23-20-30.SC2Replay;;
1.0.2.16223;AutoMM;Europe;2010-08-06 23:28:49;Twilight Fortress;ZPvTP;139, 61, 106, 116;00:05:30;SCIIGears, sebhd vs siegetank, Rachi;W:\sc2\my\2010-08-06 23-28-49.SC2Replay;;
1.0.2.16223;AutoMM;Europe;2010-08-06 23:39:26;Monlyth Ridge;PZvPT;104, 91, 70, 92;00:09:57;SCIIGears, Cashiopaya vs exOOOr, Lanif;W:\sc2\my\2010-08-06 23-39-26.SC2Replay;;
1.0.2.16223;AutoMM;Europe;2010-08-06 23:49:57;Tarsonis Assault;PPvTT;90, 77, 55, 82;00:09:47;SCIIGears, AxiS vs Shasel, Melwach;W:\sc2\my\2010-08-06 23-49-57.SC2Replay;;
1.0.2.16223;AutoMM;Europe;2010-08-07 00:11:03;High Orbit;PPvTP;89, 44, 77, 98;00:20:15;SCIIGears, Zedd vs dEph, xAcidx;W:\sc2\my\2010-08-07 00-11-03.SC2Replay;;
1.0.2.16223;AutoMM;Europe;2010-08-07 00:23:00;War Zone;ZTvTP;106, 76, 99, 50;00:09:57;SCIIGears, NoVa vs Titus, Kiwan;W:\sc2\my\2010-08-07 00-23-00.SC2Replay;;
1.0.2.16223;AutoMM;Europe;2010-08-07 14:06:15;Discord IV;TZvZT;118, 163, 83, 91;00:18:33;SCIIGears, RiNeDS vs Morpheus, BoKOctrus;W:\sc2\my\2010-08-07 14-06-15.SC2Replay;;
1.0.2.16223;AutoMM;Europe;2010-08-07 14:18:57;Scorched Haven;PPvPT;97, 115, 94, 104;00:11:28;SCIIGears, HrYm vs Begva, Loozer;W:\sc2\my\2010-08-07 14-18-57.SC2Replay;;
1.0.2.16223;AutoMM;Europe;2010-08-07 14:27:54;High Orbit;ZPvZP;138, 48, 78, 82;00:08:27;SCIIGears, Hobi vs Sjukling, Lazer;W:\sc2\my\2010-08-07 14-27-54.SC2Replay;;
1.0.2.16223;AutoMM;Europe;2010-08-07 14:38:10;Monlyth Ridge;PPvTP;87, 57, 46, 45;00:09:14;SCIIGears, Hobi vs Flotilla, Scoon;W:\sc2\my\2010-08-07 14-38-10.SC2Replay;;
1.0.2.16223;AutoMM;Europe;2010-08-07 14:47:44;High Orbit;TPvZZ;93, 38, 60, 48;00:08:46;SCIIGears, Scoon vs Speke, Sorcerer;W:\sc2\my\2010-08-07 14-47-44.SC2Replay;;
1.0.2.16223;AutoMM;Europe;2010-08-07 14:56:45;High Orbit;ZTvPZ;131, 68, 89, 112;00:07:42;SCIIGears, IneedAnswers vs SeiFer, falcuma;W:\sc2\my\2010-08-07 14-56-45.SC2Replay;;
1.0.2.16223;AutoMM;Europe;2010-08-07 22:35:46;Arid Wastes;TPvTP;103, 76, 79, 108;00:10:30;SCIIGears, Ggash vs Toppy, yAyn;W:\sc2\my\2010-08-07 22-35-46.SC2Replay;;
1.0.2.16223;AutoMM;Europe;2010-08-07 22:51:15;Tarsonis Assault;TTvZP;105, 85, 133, 72;00:14:48;SCIIGears, Toppy vs cUre, CNS;W:\sc2\my\2010-08-07 22-51-15.SC2Replay;;
1.0.2.16223;AutoMM;Europe;2010-08-07 23:10:45;Twilight Fortress;TPvPP;115, 46, 85, 67;00:17:52;SCIIGears, Nulb vs Bond, nCr;W:\sc2\my\2010-08-07 23-10-45.SC2Replay;;
1.0.2.16223;AutoMM;Europe;2010-08-07 23:20:03;Tempest;PTvPZ;99, 90, 34, 55;00:07:44;SCIIGears, kolokotronis vs Mekteus, Universe;W:\sc2\my\2010-08-07 23-20-03.SC2Replay;;
1.0.2.16223;AutoMM;Europe;2010-08-07 23:30:46;Twilight Fortress;ZPvZT;114, 49, 95, 53;00:09:38;SCIIGears, Ceratrexx vs Dmortis, Alexdieu;W:\sc2\my\2010-08-07 23-30-46.SC2Replay;;
1.0.2.16223;AutoMM;Europe;2010-08-07 23:43:20;Discord IV;ZPvTZ;126, 65, 64, 78;00:11:49;SCIIGears, Ceratrexx vs Vadász, Nkwala;W:\sc2\my\2010-08-07 23-43-20.SC2Replay;;
1.0.2.16223;AutoMM;Europe;2010-08-07 23:52:40;Tempest;TZvTZ;105, 68, 66, 66;00:08:30;SCIIGears, Zerenity vs ConZec, Irlaendaren;W:\sc2\my\2010-08-07 23-52-40.SC2Replay;;
1.0.2.16223;AutoMM;Europe;2010-08-08 15:13:07;Discord IV;ZZvPT;147, 52, 65, 91;00:08:42;SCIIGears, ShowTime vs RiseAgainst, HowBuildHero;W:\sc2\my\2010-08-08 15-13-07.SC2Replay;;
1.0.2.16223;AutoMM;Europe;2010-08-08 15:21:25;High Orbit;TTvZP;98, 109, 79, 66;00:07:41;SCIIGears, Imba vs Kaffetasse, Trunti;W:\sc2\my\2010-08-08 15-21-25.SC2Replay;;
1.0.2.16223;AutoMM;Europe;2010-08-08 15:42:50;Scorched Haven;ZPvTP;125, 78, 80, 69;00:09:54;SCIIGears, Multani vs Crashbash, haTe;W:\sc2\my\2010-08-08 15-42-50.SC2Replay;;
1.0.2.16223;AutoMM;Europe;2010-08-08 15:50:58;Tarsonis Assault;TZvZZ;119, 65, 104, 72;00:06:52;SCIIGears, ShowTime vs Showdown, DrJanitor;W:\sc2\my\2010-08-08 15-50-58.SC2Replay;;
1.0.2.16223;AutoMM;Europe;2010-08-08 16:08:43;War Zone;TZvTT;108, 73, 57, 68;00:16:29;SCIIGears, ShowTime vs Musas, Augis;W:\sc2\my\2010-08-08 16-08-43.SC2Replay;;
1.0.2.16223;AutoMM;Europe;2010-08-09 22:55:29;Twilight Fortress;TPvTT;116, 68, 53, 40;00:12:10;SCIIGears, AlucarDus vs Stunner, Riepie;W:\sc2\my\2010-08-09 22-55-29.SC2Replay;;
1.0.2.16223;AutoMM;Europe;2010-08-09 23:17:47;High Orbit;TZvPP;108, 159, 165, 147;00:08:00;SCIIGears, Oops vs Fantom, omada;W:\sc2\my\2010-08-09 23-17-47.SC2Replay;;
1.0.2.16223;AutoMM;Europe;2010-08-09 23:33:25;High Orbit;PZvTZ;94, 172, 125, 77;00:14:20;SCIIGears, Oops vs darvin, Marlon;W:\sc2\my\2010-08-09 23-33-25.SC2Replay;;
1.0.2.16223;AutoMM;Europe;2010-08-09 23:45:57;Tarsonis Assault;PZvTP;102, 173, 82, 55;00:10:28;SCIIGears, Oops vs Zakyrel, XsIoN;W:\sc2\my\2010-08-09 23-45-57.SC2Replay;;
1.0.2.16223;AutoMM;Europe;2010-08-09 23:58:04;Arid Wastes;PPvTZ;111, 129, 78, 110;00:11:03;SCIIGears, Oops vs sYer, Bulkle;W:\sc2\my\2010-08-09 23-58-04.SC2Replay;;
1.0.2.16223;AutoMM;Europe;2010-08-10 00:09:41;Scorched Haven;ZPvPT;148, 112, 75, 44;00:10:21;SCIIGears, Oops vs Styls, Gnomobijec;W:\sc2\my\2010-08-10 00-09-41.SC2Replay;;
1.0.2.16223;AutoMM;Europe;2010-08-10 00:22:29;Tarsonis Assault;TPvPT;107, 127, 29, 75;00:12:03;SCIIGears, Oops vs Infie, lawl;W:\sc2\my\2010-08-10 00-22-29.SC2Replay;;
1.0.2.16223;AutoMM;Europe;2010-08-10 00:37:33;Monlyth Ridge;TZvTT;123, 159, 96, 97;00:14:17;SCIIGears, Oops vs LOVEPARADE, SUKERLOSER;W:\sc2\my\2010-08-10 00-37-33.SC2Replay;;
1.0.2.16223;AutoMM;Europe;2010-08-10 00:46:27;High Orbit;ZPvTP;139, 145, 70, 74;00:07:29;SCIIGears, Oops vs EavyMetal, LammBaer;W:\sc2\my\2010-08-10 00-46-27.SC2Replay;;
1.0.2.16223;AutoMM;Europe;2010-08-10 01:02:38;Scorched Haven;PPvZP;75, 135, 109, 78;00:15:07;SCIIGears, Oops vs proddy, SurKEviL;W:\sc2\my\2010-08-10 01-02-38.SC2Replay;;
1.0.2.16223;AutoMM;Europe;2010-08-10 01:09:47;Scorched Haven;ZPvTT;146, 112, 73, 46;00:06:15;SCIIGears, Oops vs InF, Kraitonik;W:\sc2\my\2010-08-10 01-09-47.SC2Replay;;
1.0.2.16223;AutoMM;Europe;2010-08-10 01:18:00;Twilight Fortress;TZvZT;99, 199, 67, 35;00:07:13;SCIIGears, Oops vs BorgRush, Quire;W:\sc2\my\2010-08-10 01-18-00.SC2Replay;;
1.0.2.16223;AutoMM;Europe;2010-08-10 01:33:29;Twilight Fortress;TZvZP;117, 170, 77, 91;00:14:01;SCIIGears, Oops vs Savonak, PlaNCk;W:\sc2\my\2010-08-10 01-33-29.SC2Replay;;
1.0.2.16223;AutoMM;Europe;2010-08-10 22:12:06;Tarsonis Assault;TPvPZ;151, 86, 84, 139;00:11:38;SCIIGears, tramontana vs Killver, UncleThomas;W:\sc2\my\2010-08-10 22-12-06.SC2Replay;;
1.0.2.16223;AutoMM;Europe;2010-08-10 22:22:54;High Orbit;ZTvZT;147, 101, 40, 49;00:09:29;SCIIGears, Kampflesbe vs Random, viper;W:\sc2\my\2010-08-10 22-22-54.SC2Replay;;
1.0.2.16223;AutoMM;Europe;2010-08-10 22:38:30;War Zone;ZPvPT;130, 75, 64, 108;00:14:57;SCIIGears, Protector vs Sentur, CaMoMuHaBaM;W:\sc2\my\2010-08-10 22-38-30.SC2Replay;;
1.0.2.16223;AutoMM;Europe;2010-08-10 22:58:10;Monlyth Ridge;PZvPP;97, 85, 53, 64;00:18:10;SCIIGears, Weiland vs Logicbomb, cube;W:\sc2\my\2010-08-10 22-58-10.SC2Replay;;
1.0.2.16223;AutoMM;Europe;2010-08-10 23:08:58;High Orbit;PPvPT;111, 75, 105, 70;00:09:30;SCIIGears, Razorbazz vs cyox, Cubaa;W:\sc2\my\2010-08-10 23-08-58.SC2Replay;;
1.0.2.16223;AutoMM;Europe;2010-08-10 23:22:39;Monlyth Ridge;PZvPT;108, 115, 126, 151;00:11:53;SCIIGears, DrOctoPussy vs bratcamp, SimbasPride;W:\sc2\my\2010-08-10 23-22-39.SC2Replay;;
1.0.2.16223;AutoMM;Europe;2010-08-10 23:28:58;Monsoon;ZZTvTPP;123, 55, 32, 73, 21, 50;00:04:43;SCIIGears, relukas, Mac vs Slidereye, Alexi, Azzoar;W:\sc2\my\2010-08-10 23-28-58.SC2Replay;;
1.0.2.16223;AutoMM;Europe;2010-08-10 23:47:41;The Bio Lab;ZPPvTZP;131, 41, 30, 33, 25, 22;00:16:50;SCIIGears, Faithreaver, Chris vs jeriko, Camille, yoko;W:\sc2\my\2010-08-10 23-47-41.SC2Replay;;
1.0.2.16223;AutoMM;Europe;2010-08-11 00:05:25;Monsoon;TTZvZTT;103, 51, 58, 88, 22, 68;00:15:46;SCIIGears, syponis, Poleo vs Leprechaun, frenki, Vajrus;W:\sc2\my\2010-08-11 00-05-25.SC2Replay;;
1.0.2.16223;AutoMM;Europe;2010-08-11 00:14:34;Frontier;TPZvZTP;94, 32, 49, 56, 57, 57;00:08:23;SCIIGears, Kulilyn, Poleo vs zinigma, KOKO, Nidia;W:\sc2\my\2010-08-11 00-14-34.SC2Replay;;
1.0.2.16223;AutoMM;Europe;2010-08-11 00:23:52;Monsoon;PPZvZPP;96, 31, 83, 67, 70, 68;00:07:48;SCIIGears, Jadewas, Djoe vs hakiba, GRite, Modie;W:\sc2\my\2010-08-11 00-23-52.SC2Replay;;
1.0.2.16223;AutoMM;Europe;2010-08-11 23:16:57;The Bio Lab;ZPZvZZT;115, 83, 90, 37, 99, 81;00:11:26;SCIIGears, WastelandMax, Whiscy vs rEaluNNamEd, MoOhoC, SirHC;W:\sc2\my\2010-08-11 23-16-57.SC2Replay;;
1.0.2.16223;AutoMM;Europe;2010-08-11 23:36:26;Typhon;ZTPvPZT;115, 71, 56, 86, 62, 188;00:17:38;SCIIGears, FameSteel, szad vs Oxidia, Ghaundan, VioDoX;W:\sc2\my\2010-08-11 23-36-26.SC2Replay;;
1.0.2.16223;AutoMM;Europe;2010-08-11 23:54:39;Typhon;TTPvTZZ;111, 83, 111, 131, 141, 98;00:16:04;SCIIGears, hmz, SCID vs Moze, Parpen, Fillefilur;W:\sc2\my\2010-08-11 23-54-39.SC2Replay;;
1.0.2.16223;AutoMM;Europe;2010-08-13 22:18:55;High Orbit;ZPvPZ;139, 118, 132, 138;00:05:20;SCIIGears, BaLLz vs dakiwi, Sugar;W:\sc2\my\2010-08-13 22-18-55.SC2Replay;;
1.0.2.16223;AutoMM;Europe;2010-08-13 22:34:04;Arid Wastes;PPvTP;110, 90, 83, 104;00:14:23;SCIIGears, schmidt vs Exelador, Xyrius;W:\sc2\my\2010-08-13 22-34-04.SC2Replay;;
1.0.2.16223;AutoMM;Europe;2010-08-13 22:57:14;Twilight Fortress;TPvPZ;127, 82, 68, 138;00:21:45;SCIIGears, mensol vs Leetshot, rst;W:\sc2\my\2010-08-13 22-57-14.SC2Replay;;
1.0.2.16223;AutoMM;Europe;2010-08-13 23:29:32;Scorched Haven;PTvPT;94, 94, 77, 93;00:31:21;SCIIGears, Grantelbart vs MnNXenaris, MnNPeSti;W:\sc2\my\2010-08-13 23-29-32.SC2Replay;;
1.0.2.16223;AutoMM;Europe;2010-08-13 23:44:51;High Orbit;ZZvPP;116, 94, 81, 100;00:10:58;SCIIGears, KissFitta vs Darksony, Roronoa;W:\sc2\my\2010-08-13 23-44-51.SC2Replay;;
1.0.2.16223;AutoMM;Europe;2010-08-13 23:52:36;Steppes of War;PvT;93, 44;00:06:46;SCIIGears vs ctma;W:\sc2\my\2010-08-13 23-52-36.SC2Replay;;
1.0.2.16223;AutoMM;Europe;2010-08-14 00:01:16;Steppes of War;TvP;98, 71;00:05:54;SCIIGears vs ReflecDead;W:\sc2\my\2010-08-14 00-01-16.SC2Replay;;
1.0.2.16223;AutoMM;Europe;2010-08-14 06:41:34;Delta Quadrant;TvZ;102, 94;00:09:02;SCIIGears vs Dempa;W:\sc2\my\2010-08-14 06-41-34.SC2Replay;;
1.0.2.16223;AutoMM;Europe;2010-08-14 06:55:14;Xel'Naga Caverns;TvZ;120, 89;00:13:05;SCIIGears vs MuzzleFlash;W:\sc2\my\2010-08-14 06-55-14.SC2Replay;;
1.0.2.16223;AutoMM;Europe;2010-08-14 07:02:18;Lost Temple;TvZ;116, 95;00:06:03;SCIIGears vs Salemenos;W:\sc2\my\2010-08-14 07-02-18.SC2Replay;;
1.0.2.16223;AutoMM;Europe;2010-08-14 13:44:49;Desert Oasis;ZvT;136, 53;00:09:15;SCIIGears vs Skeppo;W:\sc2\my\2010-08-14 13-44-49.SC2Replay;;
1.0.2.16223;AutoMM;Europe;2010-08-14 13:52:33;Delta Quadrant;ZvP;134, 118;00:06:42;SCIIGears vs realmadrid;W:\sc2\my\2010-08-14 13-52-33.SC2Replay;;
1.0.2.16223;AutoMM;Europe;2010-08-14 13:58:05;Kulas Ravine;ZvZ;136, 101;00:04:20;SCIIGears vs Suki;W:\sc2\my\2010-08-14 13-58-05.SC2Replay;;
1.0.2.16223;AutoMM;Europe;2010-08-14 14:06:44;Delta Quadrant;PvZ;127, 125;00:07:27;SCIIGears vs Vasquez;W:\sc2\my\2010-08-14 14-06-44.SC2Replay;;
1.0.2.16223;AutoMM;Europe;2010-08-14 14:18:51;Kulas Ravine;PvP;100, 84;00:11:06;SCIIGears vs Awake;W:\sc2\my\2010-08-14 14-18-51.SC2Replay;;
1.0.2.16223;AutoMM;Europe;2010-08-14 14:29:13;Scrap Station;PvP;110, 114;00:09:08;SCIIGears vs Jogy;W:\sc2\my\2010-08-14 14-29-13.SC2Replay;;
1.0.2.16223;AutoMM;Europe;2010-08-14 14:36:59;Kulas Ravine;PvP;118, 58;00:06:43;SCIIGears vs ShiNi;W:\sc2\my\2010-08-14 14-36-59.SC2Replay;;
1.0.2.16223;AutoMM;Europe;2010-08-14 14:44:22;Blistering Sands;ZvP;137, 113;00:06:14;SCIIGears vs Shoguni;W:\sc2\my\2010-08-14 14-44-22.SC2Replay;;
1.0.2.16223;AutoMM;Europe;2010-08-14 21:55:15;Blistering Sands;PvP;118, 90;00:06:14;SCIIGears vs CrIpI;W:\sc2\my\2010-08-14 21-55-15.SC2Replay;;
1.0.2.16223;AutoMM;Europe;2010-08-14 22:04:56;Blistering Sands;PvZ;114, 139;00:08:07;SCIIGears vs SevenXFenr;W:\sc2\my\2010-08-14 22-04-56.SC2Replay;;
1.0.2.16223;AutoMM;Europe;2010-08-14 22:15:26;Scrap Station;PvP;105, 82;00:09:43;SCIIGears vs zataro;W:\sc2\my\2010-08-14 22-15-26.SC2Replay;;
1.0.2.16223;AutoMM;Europe;2010-08-14 22:28:06;Blistering Sands;TvZ;113, 147;00:11:44;SCIIGears vs Reavap;W:\sc2\my\2010-08-14 22-28-06.SC2Replay;;
1.0.2.16223;AutoMM;Europe;2010-08-14 22:41:42;Desert Oasis;PvP;91, 83;00:13:01;SCIIGears vs Tomsch;W:\sc2\my\2010-08-14 22-41-42.SC2Replay;;
1.0.2.16223;AutoMM;Europe;2010-08-15 22:37:37;Blistering Sands;ZvP;166, 108;00:08:17;SCIIGears vs Kunzi;W:\sc2\my\2010-08-15 22-37-37.SC2Replay;;
1.0.2.16223;AutoMM;Europe;2010-08-15 22:50:15;Xel'Naga Caverns;TvT;116, 82;00:11:34;SCIIGears vs Naumo;W:\sc2\my\2010-08-15 22-50-15.SC2Replay;;
1.0.2.16223;AutoMM;Europe;2010-08-15 23:03:30;Steppes of War;TvP;110, 101;00:12:21;SCIIGears vs akk;W:\sc2\my\2010-08-15 23-03-30.SC2Replay;;
1.0.2.16223;AutoMM;Europe;2010-08-15 23:16:42;Lost Temple;TvP;106, 96;00:12:19;SCIIGears vs Inspiring;W:\sc2\my\2010-08-15 23-16-42.SC2Replay;;
1.0.2.16223;AutoMM;Europe;2010-08-15 23:48:38;Twilight Fortress;PTvTP;116, 34, 75, 52;00:31:05;SCIIGears, Scaryknight vs Mag, Gon;W:\sc2\my\2010-08-15 23-48-38.SC2Replay;;
1.0.2.16223;AutoMM;Europe;2010-08-16 00:23:06;Discord IV;ZTvTP;135, 90, 62, 59;00:11:54;SCIIGears, SmileOverMe vs KingZG, DarkSabre;W:\sc2\my\2010-08-16 00-23-06.SC2Replay;;
1.0.2.16223;AutoMM;Europe;2010-08-16 00:43:42;Arid Wastes;PZvTP;104, 116, 82, 75;00:20:07;SCIIGears, weBBy vs Choke, Upox;W:\sc2\my\2010-08-16 00-43-42.SC2Replay;;
1.0.2.16223;AutoMM;Europe;2010-08-17 22:58:04;Tarsonis Assault;TTvZZ;126, 65, 104, 71;00:11:41;SCIIGears, GoLd vs tobus, Peacemaker;W:\sc2\my\2010-08-17 22-58-04.SC2Replay;;
1.0.2.16223;AutoMM;Europe;2010-08-17 23:27:40;Twilight Fortress;PPvZZ;85, 61, 101, 88;00:28:30;SCIIGears, Gluten vs fmaw, Flama;W:\sc2\my\2010-08-17 23-27-40.SC2Replay;;
1.0.2.16223;AutoMM;Europe;2010-08-17 23:50:27;Monlyth Ridge;ZTvPT;134, 91, 78, 68;00:22:14;SCIIGears, Spekkio vs Dannus, AGForslind;W:\sc2\my\2010-08-17 23-50-27.SC2Replay;;
1.0.2.16223;AutoMM;Europe;2010-08-18 00:10:21;Tarsonis Assault;TTvZT;94, 95, 87, 80;00:19:14;SCIIGears, Soati vs PykE, Nomore;W:\sc2\my\2010-08-18 00-10-21.SC2Replay;;
1.0.2.16223;AutoMM;Europe;2010-08-18 00:25:42;Delta Quadrant;PvT;88, 84;00:14:02;SCIIGears vs Terran;W:\sc2\my\2010-08-18 00-25-42.SC2Replay;;
1.0.2.16223;AutoMM;Europe;2010-08-18 01:18:31;Monsoon;ZPZvPPT;116, 45, 108, 45, 75, 97;00:06:13;SCIIGears, Katil, Fléau vs Kingdingel, DorfTork, scubamaggo;W:\sc2\my\2010-08-18 01-18-31.SC2Replay;;
1.0.2.16223;AutoMM;Europe;2010-08-18 01:30:47;Dig Site;PTTvTTP;94, 64, 90, 37, 45, 45;00:10:26;SCIIGears, Hocks, eazy vs Space, Lùcifer, kataran;W:\sc2\my\2010-08-18 01-30-47.SC2Replay;;
1.0.2.16223;AutoMM;Europe;2010-08-18 02:07:04;Colony 426;ZTZvPTP;132, 77, 77, 63, 64, 28;00:33:01;SCIIGears, ijott, James vs Jurikles, irA, Schnaki;W:\sc2\my\2010-08-18 02-07-04.SC2Replay;;
1.0.3.16291;AutoMM;Europe;2010-08-18 18:03:07;Ulaan Deeps;ZTPvTTT;123, 92, 86, 70, 39, 62;00:16:25;SCIIGears, jay, sco vs Musas, Saltis, Augis;W:\sc2\my\2010-08-18 18-03-07.SC2Replay;;
1.0.3.16291;AutoMM;Europe;2010-08-18 18:22:06;Typhon;TTTvPZP;131, 78, 93, 54, 59, 70;00:17:25;SCIIGears, jay, Pap vs GoAnt, Roak, Pyraziel;W:\sc2\my\2010-08-18 18-22-06.SC2Replay;;
1.0.3.16291;AutoMM;Europe;2010-08-18 21:52:48;Arakan Citadel;PPPvPTT;100, 80, 52, 66, 62, 82;00:10:57;SCIIGears, Inzight, Shogo vs Wesso, Amnuriak, Zocat;W:\sc2\my\2010-08-18 21-52-48.SC2Replay;;
1.0.3.16291;AutoMM;Europe;2010-08-18 22:19:55;Arakan Citadel;TZZvZZP;126, 159, 77, 132, 107, 53;00:24:12;SCIIGears, Loka, nullergrisen vs gobo, amok, Snugglez;W:\sc2\my\2010-08-18 22-19-55.SC2Replay;;
1.0.3.16291;AutoMM;Europe;2010-08-18 23:56:57;Dig Site;PTPvTZT;85, 66, 60, 95, 92, 71;00:36:59;SCIIGears, Hocks, Toshy vs White, destre, NaMtiH;W:\sc2\my\2010-08-18 23-56-57.SC2Replay;;
1.0.3.16291;AutoMM;Europe;2010-08-19 00:17:03;The Bio Lab;TZPvZPZ;104, 92, 61, 98, 79, 67;00:16:46;SCIIGears, Stef, Toshy vs Lunatic, giggo, Computer;W:\sc2\my\2010-08-19 00-17-03.SC2Replay;;
1.0.3.16291;AutoMM;Europe;2010-08-19 00:41:25;Ulaan Deeps;TZPvPZZ;110, 90, 88, 116, 108, 136;00:17:42;SCIIGears, howlet, BoteR vs Oreon, Strange, Magulina;W:\sc2\my\2010-08-19 00-41-25.SC2Replay;;
1.0.3.16291;AutoMM;Europe;2010-08-19 01:00:30;Dig Site;PZPvTTZ;90, 78, 82, 82, 100, 161;00:12:43;SCIIGears, James, Axtern vs hoot, barbeQ, score;W:\sc2\my\2010-08-19 01-00-30.SC2Replay;;
1.0.3.16291;AutoMM;Europe;2010-08-19 22:49:09;Colony 426;PZPvTZP;100, 120, 87, 69, 169, 71;00:20:50;SCIIGears, Yoh, ftiz vs Zrist, MadMax, Wockes;W:\sc2\my\2010-08-19 22-49-09.SC2Replay;;
1.0.3.16291;AutoMM;Europe;2010-08-19 23:09:56;Frontier;TPTvTZP;108, 124, 51, 35, 84, 107;00:19:13;SCIIGears, Parn, Francis vs Petrusilius, Naomia, GreenMan;W:\sc2\my\2010-08-19 23-09-56.SC2Replay;;
1.0.3.16291;AutoMM;Europe;2010-08-19 23:20:48;Blistering Sands;PvZ;106, 96;00:08:54;SCIIGears vs Blade;W:\sc2\my\2010-08-19 23-20-48.SC2Replay;;
1.0.3.16291;AutoMM;Europe;2010-08-19 23:40:42;Dig Site;TTZvTZP;102, 69, 69, 33, 79, 125;00:17:38;SCIIGears, Hocks, Francis vs Petrusilius, Naomia, GreenMan;W:\sc2\my\2010-08-19 23-40-42.SC2Replay;;
1.0.3.16291;AutoMM;Europe;2010-08-23 22:58:56;The Bio Lab;PPZvZZZ;112, 92, 64, 78, 143, 78;00:07:48;SCIIGears, Toweli, BängGäng vs Brave, Rhison, Denne;W:\sc2\my\2010-08-23 22-58-56.SC2Replay;;
1.0.3.16291;AutoMM;Europe;2010-08-23 23:06:34;Colony 426;TTZvPPZ;115, 58, 65, 152, 78, 195;00:05:55;SCIIGears, BängGäng, NDakota vs Kremlol, KLS, StrikeOut;W:\sc2\my\2010-08-23 23-06-34.SC2Replay;;
1.0.3.16291;AutoMM;Europe;2010-08-23 23:17:43;Quicksand;TTPvPZP;119, 135, 77, 81, 179, 159;00:10:25;SCIIGears, Toweli, GooDFighT vs KLS, StrikeOut, Kremlol;W:\sc2\my\2010-08-23 23-17-43.SC2Replay;;
1.0.3.16291;AutoMM;Europe;2010-08-23 23:27:38;Ulaan Deeps;TZTvTZP;106, 84, 142, 49, 98, 137;00:09:06;SCIIGears, NDakota, MoRSa vs polack, Xunin, Parn;W:\sc2\my\2010-08-23 23-27-38.SC2Replay;;
1.0.3.16291;AutoMM;Europe;2010-08-23 23:41:09;Colony 426;PTZvPPP;101, 69, 89, 47, 79, 67;00:12:50;SCIIGears, chrisFuN, Shadowburn vs Gorwen, JJD, doddel;W:\sc2\my\2010-08-23 23-41-09.SC2Replay;;
1.0.3.16291;AutoMM;Europe;2010-08-23 23:43:52;Dig Site;TPPvPPP;0, 0, 0, 0, 0, 0;00:00:29;SCIIGears, Novalogic, Osgiliat vs doddel, Gorwen, JJD;W:\sc2\my\2010-08-23 23-43-52.SC2Replay;;
1.0.3.16291;AutoMM;Europe;2010-08-24 00:01:16;Dig Site;ZTTvPPT;138, 89, 56, 78, 79, 68;00:15:37;SCIIGears, Xunin, polack vs sLGagman, aLeX, Suba;W:\sc2\my\2010-08-24 00-01-16.SC2Replay;;
1.0.3.16291;AutoMM;Europe;2010-08-24 00:15:05;Tarsonis Assault;ZPvZP;150, 89, 74, 54;00:08:58;SCIIGears, Fearsome vs Aknilak, Rebelle;W:\sc2\my\2010-08-24 00-15-05.SC2Replay;;
1.0.3.16291;AutoMM;Europe;2010-08-24 00:22:17;High Orbit;PTvPP;95, 95, 62, 43;00:06:09;SCIIGears, Fearsome vs KicoS, Conte;W:\sc2\my\2010-08-24 00-22-17.SC2Replay;;
1.0.3.16291;AutoMM;Europe;2010-08-24 00:31:22;Tempest;PTvTZ;93, 72, 42, 36;00:08:20;SCIIGears, Fearsome vs Sirromed, Guur;W:\sc2\my\2010-08-24 00-31-22.SC2Replay;;
1.0.3.16291;AutoMM;Europe;2010-08-24 02:08:57;The Bio Lab;PZZvPTT;109, 176, 91, 94, 55, 60;00:25:47;SCIIGears, ZeG, ProfPachur vs Issi, Hermann, Confiture;W:\sc2\my\2010-08-24 02-08-57.SC2Replay;;
1.0.3.16291;AutoMM;Europe;2010-08-24 02:29:42;Extinction;ZTZZvPTPP;133, 98, 53, 48, 27, 52, 43, 19;00:15:39;SCIIGears, Ubique, BLOODSURFER, MrToast vs Specialgo, FLECHA, NOXTER, Siñ;W:\sc2\my\2010-08-24 02-29-42.SC2Replay;;
1.0.3.16291;Private;Europe;2010-08-24 03:03:28;Agria Valley;ZvT;136, 0;00:16:25;SCIIGears vs Player 2;W:\sc2\my\2010-08-24 03-03-28.SC2Replay;;
1.0.3.16291;AutoMM;Europe;2010-08-24 18:46:48;Arakan Citadel;TPPvPPT;117, 89, 71, 81, 99, 125;00:09:54;SCIIGears, TheForce, mirror vs Thubb, Tesla, Latmakk;W:\sc2\my\2010-08-24 18-46-48.SC2Replay;;
1.0.3.16291;AutoMM;Europe;2010-08-24 22:00:55;Discord IV;TZvZT;101, 214, 48, 85;00:15:49;SCIIGears, Oops vs kaO, Jkop;W:\sc2\my\2010-08-24 22-00-55.SC2Replay;;
1.0.3.16291;AutoMM;Europe;2010-08-24 22:27:44;Quicksand;TZZvTTT;108, 158, 80, 33, 68, 92;00:11:07;SCIIGears, BoteR, ExAbur vs LittleBunny, Fedi, Roinikainen;W:\sc2\my\2010-08-24 22-27-44.SC2Replay;;
1.0.3.16291;AutoMM;Europe;2010-08-24 22:43:30;Typhon;PZPvZTP;115, 168, 97, 102, 141, 32;00:12:33;SCIIGears, Ihateoov, JVN vs AWButch, Minido, MERCENARY;W:\sc2\my\2010-08-24 22-43-30.SC2Replay;;
1.0.3.16291;AutoMM;Europe;2010-08-24 22:56:54;High Ground;PTTPvTZPP;107, 91, 72, 23, 38, 59, 55, 47;00:08:40;SCIIGears, Zeus, Vonze, Kaj vs Alikarth, Ghost, Cassandre, Sanctus;W:\sc2\my\2010-08-24 22-56-54.SC2Replay;;
1.0.3.16291;AutoMM;Europe;2010-08-24 23:30:28;Extinction;PPPTvTZTP;102, 60, 31, 23, 24, 66, 22, 36;00:22:04;SCIIGears, Shrimp, Maluschek, Negral vs Red, Dragonwasp, Rickard, Klasoran;W:\sc2\my\2010-08-24 23-30-28.SC2Replay;;
1.0.3.16291;AutoMM;Europe;2010-08-25 00:24:03;Quicksand;TPTvPZT;103, 104, 106, 57, 70, 89;00:07:11;SCIIGears, SectOid, Nichju vs jungles, Xjxee, MightyMade;W:\sc2\my\2010-08-25 00-24-03.SC2Replay;;
1.0.3.16291;AutoMM;Europe;2010-08-25 00:56:35;Typhon;PTZvPPZ;100, 65, 67, 55, 78, 110;00:31:34;SCIIGears, Sidibus, wrrr vs Nmare, mto, MKoll;W:\sc2\my\2010-08-25 00-56-35.SC2Replay;;
1.0.3.16291;AutoMM;Europe;2010-08-25 01:11:55;The Bio Lab;TZPvTZP;98, 88, 46, 110, 61, 82;00:11:28;SCIIGears, Håkon, xavimon vs MAS, AnGeR, SweetAsBro;W:\sc2\my\2010-08-25 01-11-55.SC2Replay;;
1.0.3.16291;AutoMM;Europe;2010-08-25 23:56:17;Monsoon;TZTvTZZ;101, 71, 119, 72, 73, 64;00:09:13;SCIIGears, MjOne, Raxxis vs PnKR, KemO, sty;W:\sc2\my\2010-08-25 23-56-17.SC2Replay;;
1.0.3.16291;AutoMM;Europe;2010-08-26 00:14:58;Discord IV;ZPvTP;122, 38, 59, 49;00:14:25;SCIIGears, Budweis vs Merlin, Mushu;W:\sc2\my\2010-08-26 00-14-58.SC2Replay;;
1.0.3.16291;AutoMM;Europe;2010-08-26 00:26:14;Monlyth Ridge;PPvTZ;103, 79, 90, 106;00:09:01;SCIIGears, EvanMcFord vs Startrance, namb;W:\sc2\my\2010-08-26 00-26-14.SC2Replay;;
1.0.3.16291;AutoMM;Europe;2010-08-26 00:36:29;Tarsonis Assault;PZvPZ;98, 190, 55, 68;00:09:04;SCIIGears, Buhlbaid vs Amstel, FreeLancer;W:\sc2\my\2010-08-26 00-36-29.SC2Replay;;
1.0.3.16291;AutoMM;Europe;2010-08-27 23:35:43;Arakan Citadel;TTZvZTZ;127, 72, 87, 95, 87, 72;00:15:11;SCIIGears, Mithr, Ciuciulete vs Chocapic, suistrop, Lemrod;W:\sc2\my\2010-08-27 23-35-43.SC2Replay;;
1.0.3.16291;AutoMM;Europe;2010-08-27 23:47:11;Monsoon;TTZvZZT;129, 71, 81, 74, 90, 55;00:10:21;SCIIGears, Mithr, Many vs Crazyhartmut, Bierbauch, Ilzow;W:\sc2\my\2010-08-27 23-47-11.SC2Replay;;
1.0.3.16291;AutoMM;Europe;2010-08-27 23:59:45;Typhon;PZPvPTZ;102, 63, 66, 59, 74, 108;00:08:54;SCIIGears, Jazzybelle, Kamychu vs Galder, JEEEEttbling, OoRandyoO;W:\sc2\my\2010-08-27 23-59-45.SC2Replay;;
1.0.3.16291;AutoMM;Europe;2010-08-28 00:10:42;Monsoon;PZTvZZT;98, 79, 50, 86, 83, 124;00:08:54;SCIIGears, Jazzybelle, Lako vs luuuke, tAo, TOPLEET;W:\sc2\my\2010-08-28 00-10-42.SC2Replay;;
1.0.3.16291;AutoMM;Europe;2010-08-28 02:22:56;Arakan Citadel;PPTvZPT;88, 66, 81, 112, 58, 119;00:27:20;SCIIGears, Osgiliat, Serge vs CoBJoz, CoBalpha, CoBraY;W:\sc2\my\2010-08-28 02-22-56.SC2Replay;;
1.0.3.16291;AutoMM;Europe;2010-08-28 02:40:28;Arakan Citadel;TPZvTTP;99, 45, 83, 107, 68, 71;00:16:18;SCIIGears, SHAD, NooBSaiboT vs ALthOr, Leandra, Linak;W:\sc2\my\2010-08-28 02-40-28.SC2Replay;;
1.0.3.16291;AutoMM;Europe;2010-08-28 02:46:30;Blistering Sands;PvT;112, 98;00:04:33;SCIIGears vs GouX;W:\sc2\my\2010-08-28 02-46-30.SC2Replay;;
1.0.3.16291;AutoMM;Europe;2010-08-28 03:00:57;Lost Temple;PvZ;112, 168;00:13:09;SCIIGears vs PinkPanther;W:\sc2\my\2010-08-28 03-00-57.SC2Replay;;
1.0.3.16291;AutoMM;Europe;2010-08-28 03:17:43;Delta Quadrant;ZvT;122, 160;00:15:54;SCIIGears vs ShadowShock;W:\sc2\my\2010-08-28 03-17-43.SC2Replay;;
1.0.3.16291;AutoMM;Europe;2010-08-28 22:24:17;Scrap Station;PvT;102, 82;00:23:18;SCIIGears vs IboJima;W:\sc2\my\2010-08-28 22-24-17.SC2Replay;;
1.0.3.16291;Public;Unknown;2010-08-28 23:00:23;THE Card Game;TPTvPTP;0, 0, 0, 0, 0, 0;00:00:50;SCIIGears, FireFlier, baltaZar vs Eggoman, Ola, Nefri;W:\sc2\my\2010-08-28 23-00-23.SC2Replay;;
1.0.3.16291;Public;Europe;2010-08-28 23:11:57;Arakan Citadel;PPTvTZP;113, 76, 62, 69, 57, 31;00:10:38;SCIIGears, FireFlier, baltaZar vs Defence, Exzellentz, Darkdragoon;W:\sc2\my\2010-08-28 23-11-57.SC2Replay;;
1.0.3.16291;AutoMM;Europe;2010-08-28 23:21:32;Monsoon;PPTvTZT;106, 63, 66, 92, 93, 109;00:07:46;SCIIGears, FireFlier, baltaZar vs myPLAGUE, mosepose, ReApEr;W:\sc2\my\2010-08-28 23-21-32.SC2Replay;;
1.0.3.16291;AutoMM;Europe;2010-08-28 23:41:17;Colony 426;ZPZvTTT;110, 73, 92, 83, 68, 61;00:10:24;SCIIGears, FireFlier, baltaZar vs Fewal, Manpower, MgnS;W:\sc2\my\2010-08-28 23-41-17.SC2Replay;;
1.0.3.16291;AutoMM;Europe;2010-08-29 01:15:03;Lava Flow;ZZPPvTTZP;118, 71, 25, 33, 80, 34, 40, 74;00:15:39;SCIIGears, Schwarzaar, Lantor, Baki vs Norda, viggzos, Starkiller, ARmada;W:\sc2\my\2010-08-29 01-15-03.SC2Replay;;
1.0.3.16291;AutoMM;Europe;2010-08-29 01:36:36;Toxic Slums;ZZPZvPZPT;127, 48, 72, 55, 42, 34, 27, 18;00:05:23;SCIIGears, Mulk, RagnarockDLC, Hyprevange vs frajje, traidmill, Urkan, Dylte;W:\sc2\my\2010-08-29 01-36-36.SC2Replay;;
1.0.3.16291;AutoMM;Europe;2010-08-29 01:41:42;Outpost;TZPTvPZTZ;95, 12, 46, 31, 46, 44, 63, 47;00:03:25;SCIIGears, Aketon, KillBuzz, BuzzKill vs FiftySven, Hied, Wuchtie, Giliath;W:\sc2\my\2010-08-29 01-41-42.SC2Replay;;
1.0.3.16291;AutoMM;Europe;2010-08-29 02:05:11;Outpost;PTPPvPZTP;104, 63, 62, 48, 36, 62, 57, 55;00:18:19;SCIIGears, Maksi, happyt, sheema vs Sonex, Serg, manko, Oggahogga;W:\sc2\my\2010-08-29 02-05-11.SC2Replay;;
1.0.3.16291;AutoMM;Europe;2010-08-29 02:22:15;Extinction;TPPPvTPTT;111, 58, 33, 46, 45, 27, 26, 38;00:15:56;SCIIGears, BuzzKill, René, KillBuzz vs Grief, Jinxed, BaneCrown, Egregius;W:\sc2\my\2010-08-29 02-22-15.SC2Replay;;
1.0.3.16291;AutoMM;Europe;2010-08-29 22:05:37;Frontier;ZPTvTPZ;131, 166, 97, 82, 44, 127;00:15:53;SCIIGears, bmyclh, ljootQln vs Candyss, Tolsa, Balduran;W:\sc2\my\2010-08-29 22-05-37.SC2Replay;;
1.0.3.16291;AutoMM;Europe;2010-08-29 22:18:05;Quicksand;PTZvPTT;88, 103, 85, 48, 66, 76;00:05:31;SCIIGears, rst, HURTmePLENTY vs Fivoin, Mexx, Patch;W:\sc2\my\2010-08-29 22-18-05.SC2Replay;;
1.0.3.16291;AutoMM;Europe;2010-08-29 22:24:54;Steppes of War;ZvP;125, 99;00:04:42;SCIIGears vs MrSmi;W:\sc2\my\2010-08-29 22-24-54.SC2Replay;;
1.0.3.16291;AutoMM;Europe;2010-08-29 22:46:12;Outpost;ZZTTvTTZZ;138, 89, 49, 110, 31, 133, 108, 66;00:16:22;SCIIGears, mafaraxas, Dranicus, sancho vs Drara, FirehanD, Mutal, GhosTz;W:\sc2\my\2010-08-29 22-46-12.SC2Replay;;
1.0.3.16291;AutoMM;Europe;2010-08-29 23:04:17;War Zone;PPvPT;103, 64, 87, 90;00:15:23;SCIIGears, FireFlier vs Knüppel, Nichtraucher;W:\sc2\my\2010-08-29 23-04-17.SC2Replay;;
1.0.3.16291;AutoMM;Europe;2010-08-29 23:24:11;Scorched Haven;PZvTP;109, 95, 75, 28;00:16:42;SCIIGears, FireFlier vs cArGo, nog;W:\sc2\my\2010-08-29 23-24-11.SC2Replay;;
1.0.3.16291;AutoMM;Europe;2010-08-29 23:37:12;Scorched Haven;PTvZP;101, 81, 42, 73;00:11:40;SCIIGears, FireFlier vs PrinceLuck, Fog;W:\sc2\my\2010-08-29 23-37-12.SC2Replay;;
1.0.3.16291;AutoMM;Europe;2010-08-29 23:45:36;Quicksand;ZZPvZTZ;152, 75, 73, 58, 32, 53;00:06:27;SCIIGears, baltaZar, FireFlier vs Sulfural, garagin, Zodiarque;W:\sc2\my\2010-08-29 23-45-36.SC2Replay;;
1.0.3.16291;AutoMM;Europe;2010-08-29 23:56:23;Typhon;PZZvPZT;101, 50, 77, 32, 42, 32;00:09:26;SCIIGears, baltaZar, FireFlier vs Siulong, Artharos, garagin;W:\sc2\my\2010-08-29 23-56-23.SC2Replay;;
1.0.3.16291;AutoMM;Europe;2010-08-30 00:10:14;Frontier;PTTvTTT;93, 61, 83, 38, 41, 43;00:12:54;SCIIGears, baltaZar, FireFlier vs Nazgig, Bluris, Mike;W:\sc2\my\2010-08-30 00-10-14.SC2Replay;;
1.0.3.16291;AutoMM;Europe;2010-08-30 00:20:17;Monsoon;PZPvTPZ;88, 84, 80, 44, 45, 83;00:09:16;SCIIGears, baltaZar, FireFlier vs Ronbekku, CocoFujin, Postume;W:\sc2\my\2010-08-30 00-20-17.SC2Replay;;
1.0.3.16291;AutoMM;Europe;2010-08-30 00:33:24;Monlyth Ridge;PTvPZ;101, 84, 38, 56;00:11:51;SCIIGears, FireFlier vs BoxingParrot, LnDCobra;W:\sc2\my\2010-08-30 00-33-24.SC2Replay;;
1.0.3.16291;AutoMM;Europe;2010-08-30 00:35:52;Arid Wastes;PPvTT;0, 0, 0, 0;00:01:13;SCIIGears, FireFlier vs Que, Fatalfoe;W:\sc2\my\2010-08-30 00-35-52.SC2Replay;;
1.0.3.16291;AutoMM;Europe;2010-08-30 00:43:54;Scorched Haven;TPvZT;110, 62, 69, 65;00:07:03;SCIIGears, FireFlier vs Kno, Amerame;W:\sc2\my\2010-08-30 00-43-54.SC2Replay;;
1.0.3.16291;AutoMM;Europe;2010-08-30 00:54:15;Tarsonis Assault;ZZvTT;104, 85, 36, 48;00:09:38;SCIIGears, FireFlier vs Bacterio, Menesteo;W:\sc2\my\2010-08-30 00-54-15.SC2Replay;;
1.0.3.16291;AutoMM;Europe;2010-08-30 01:17:56;Twilight Fortress;PTvPP;94, 72, 69, 95;00:23:09;SCIIGears, FireFlier vs Whiti, neV;W:\sc2\my\2010-08-30 01-17-56.SC2Replay;;
1.0.3.16291;AutoMM;Europe;2010-08-30 22:22:09;Extinction;ZZTTvTTTP;113, 57, 66, 53, 69, 65, 67, 67;00:27:18;SCIIGears, MacKin, pierre, ExtremeNoob vs Skrollk, Gabou, NeStLe, starportugue;W:\sc2\my\2010-08-30 22-22-09.SC2Replay;;
1.0.3.16291;AutoMM;Europe;2010-08-30 23:00:50;Sand Canyon;TPPTvZPZP;147, 39, 119, 65, 43, 34, 63, 27;00:15:45;SCIIGears, Piotr, Maximelo, Uriel vs SirMac, painworlD, MasterEugen, Farintor;W:\sc2\my\2010-08-30 23-00-50.SC2Replay;;
1.0.3.16291;AutoMM;Europe;2010-08-30 23:20:12;Toxic Slums;TTPPvPPTZ;148, 35, 67, 35, 60, 60, 59, 87;00:17:41;SCIIGears, Elie, Vampi, Gioker vs niKeX, alpha, Hirudo, DeFLeCTiOn;W:\sc2\my\2010-08-30 23-20-12.SC2Replay;;
1.0.3.16291;AutoMM;Europe;2010-08-31 00:01:36;Lava Flow;PPPPvPZPZ;127, 66, 35, 70, 79, 155, 67, 87;00:19:40;SCIIGears, Vampi, Gioker, FireFlier vs henkY, ÅlzONE, Martin, Frdrik;W:\sc2\my\2010-08-31 00-01-36.SC2Replay;;
1.0.3.16291;AutoMM;Europe;2010-08-31 00:48:47;Extinction;TTZPvPZZT;132, 44, 88, 55, 70, 123, 51, 61;00:14:55;SCIIGears, Pwet, Sophat, Kheran vs Sly, BuG, Tulzadoom, Atiqus;W:\sc2\my\2010-08-31 00-48-47.SC2Replay;;
1.0.3.16291;AutoMM;Europe;2010-08-31 01:11:30;Megaton;ZPPZvZZPP;144, 54, 71, 57, 60, 41, 76, 80;00:19:59;SCIIGears, Picsou, vebbi, tonas vs Thyke, Jorim, XaN, Weenamorloch;W:\sc2\my\2010-08-31 01-11-30.SC2Replay;;
1.0.3.16291;AutoMM;Europe;2010-08-31 01:34:50;Outpost;ZZPPvTZPT;141, 64, 67, 90, 161, 80, 57, 96;00:19:30;SCIIGears, Enira, ApocDrago, ZAK vs Rofled, sayk, NeoN, Ankhes;W:\sc2\my\2010-08-31 01-34-50.SC2Replay;;
1.0.3.16291;AutoMM;Europe;2010-08-31 01:43:48;Extinction;ZZPTvTPTT;145, 59, 131, 83, 56, 50, 61, 77;00:06:49;SCIIGears, tronkitruti, superfly, Osgiliat vs Woody, Greyfox, Isharrr, Komek;W:\sc2\my\2010-08-31 01-43-48.SC2Replay;;
1.0.3.16291;AutoMM;Europe;2010-08-31 23:18:50;Megaton;PZZPvZPPT;113, 50, 77, 57, 61, 27, 38, 90;00:16:31;SCIIGears, SumSum, Padik, Drathir vs Nuhj, tina, Nanno, Dari;W:\sc2\my\2010-08-31 23-18-50.SC2Replay;;
1.0.3.16291;AutoMM;Europe;2010-08-31 23:41:52;Sand Canyon;PPZTvTZPT;103, 55, 61, 111, 82, 153, 93, 75;00:17:36;SCIIGears, Pyrkas, Deception, woshi vs FeeLmaTic, MAvE, Jimlee, cypku;W:\sc2\my\2010-08-31 23-41-52.SC2Replay;;
1.0.3.16291;AutoMM;Europe;2010-09-01 00:04:48;Lava Flow;PPZPvPPZZ;92, 38, 145, 76, 68, 75, 82, 131;00:17:37;SCIIGears, Warbijchtsn, YshPloT, Vensz vs sLGagman, Rage, Suba, aLeX;W:\sc2\my\2010-09-01 00-04-48.SC2Replay;;
1.0.3.16291;AutoMM;Europe;2010-09-01 00:28:27;Megaton;ZPZTvZTTZ;105, 25, 111, 78, 76, 64, 102, 82;00:21:47;SCIIGears, schmoo, Puffymuffinz, Startrance vs DeNe, Asmoleth, Galder, Kouras;W:\sc2\my\2010-09-01 00-28-27.SC2Replay;;
1.0.3.16291;AutoMM;Europe;2010-09-01 00:55:00;Sand Canyon;ZTTZvPPPT;140, 0, 81, 94, 33, 47, 42, 54;00:22:29;SCIIGears, Lynius, Demju, Syringa vs Schlemmi, Whophon, Thor, Cloverfield;W:\sc2\my\2010-09-01 00-55-00.SC2Replay;;
1.0.3.16291;AutoMM;Europe;2010-09-01 22:08:35;Ulaan Deeps;TPZvZPT;118, 86, 63, 108, 53, 86;00:11:16;SCIIGears, baltaZar, FireFlier vs Boubpho, Kyk, Battlecow;W:\sc2\my\2010-09-01 22-08-35.SC2Replay;;
1.0.3.16291;AutoMM;Europe;2010-09-01 22:28:50;Monsoon;ZTPvPTZ;131, 90, 97, 65, 60, 63;00:08:08;SCIIGears, FireFlier, baltaZar vs VeStige, Rayzen, Anthem;W:\sc2\my\2010-09-01 22-28-50.SC2Replay;;
1.0.3.16291;AutoMM;Europe;2010-09-01 22:56:33;Arakan Citadel;ZTPvZTT;126, 79, 80, 68, 35, 52;00:25:25;SCIIGears, FireFlier, baltaZar vs Darkhoff, Pjume, SirSmokeAlot;W:\sc2\my\2010-09-01 22-56-33.SC2Replay;;
1.0.3.16291;AutoMM;Europe;2010-09-01 23:06:27;Arid Wastes;PTvPP;112, 95, 66, 49;00:08:13;SCIIGears, FireFlier vs Eskizofrenia, Enfermo;W:\sc2\my\2010-09-01 23-06-27.SC2Replay;;
1.0.3.16291;AutoMM;Europe;2010-09-01 23:12:15;Monlyth Ridge;PZvPZ;119, 108, 39, 84;00:05:08;SCIIGears, FireFlier vs Bourraf, Goztrain;W:\sc2\my\2010-09-01 23-12-15.SC2Replay;;
1.0.3.16291;AutoMM;Europe;2010-09-01 23:19:16;Arid Wastes;ZPvPZ;146, 77, 79, 110;00:06:05;SCIIGears, FireFlier vs Banana, ThugLife;W:\sc2\my\2010-09-01 23-19-16.SC2Replay;;
1.0.3.16291;AutoMM;Europe;2010-09-01 23:33:19;Tarsonis Assault;ZPvPT;135, 84, 52, 117;00:13:06;SCIIGears, FireFlier vs Woody, Xovelono;W:\sc2\my\2010-09-01 23-33-19.SC2Replay;;
1.0.3.16291;AutoMM;Europe;2010-09-01 23:53:09;High Orbit;PZvZZ;96, 102, 71, 165;00:19:09;SCIIGears, FireFlier vs ocrim, sOui;W:\sc2\my\2010-09-01 23-53-09.SC2Replay;;
1.0.3.16291;AutoMM;Europe;2010-09-02 00:13:24;Ulaan Deeps;ZZPvTZP;129, 110, 126, 56, 84, 102;00:19:22;SCIIGears, FireFlier, baltaZar vs Geilomat, Alpz, Lethian;W:\sc2\my\2010-09-02 00-13-24.SC2Replay;;
1.0.3.16291;AutoMM;Europe;2010-09-02 00:25:49;Discord IV;TZvPP;122, 145, 107, 127;00:06:58;SCIIGears, baltaZar vs Pawna, yombHirO;W:\sc2\my\2010-09-02 00-25-49.SC2Replay;;
1.0.3.16291;AutoMM;Europe;2010-09-02 00:48:16;War Zone;PZvZP;115, 153, 69, 94;00:18:54;SCIIGears, baltaZar vs Burnt, Botker;W:\sc2\my\2010-09-02 00-48-16.SC2Replay;;
1.0.3.16291;AutoMM;Europe;2010-09-04 02:15:19;Extinction;PPTTvTTTZ;112, 125, 74, 56, 47, 106, 84, 107;00:17:53;SCIIGears, Rhaime, Basic, revlis vs McGibbs, Nafaltar, Moerges, Qubie;W:\sc2\my\2010-09-04 02-15-19.SC2Replay;;
1.0.3.16291;AutoMM;Europe;2010-09-04 02:25:16;Extinction;TTZPvPTTP;104, 39, 48, 40, 68, 49, 34, 38;00:03:36;SCIIGears, Scofield, DarKosh, playSTAR vs Staaan, Asgerat, ChinaDude, makalah;W:\sc2\my\2010-09-04 02-25-16.SC2Replay;;
1.0.3.16291;AutoMM;Europe;2010-09-04 02:43:34;Outpost;ZZPPvZPPT;141, 92, 52, 52, 42, 41, 55, 25;00:09:59;SCIIGears, Defile, TomCat, General vs Brugal, Sanmiguel, RÖCHLERger, Hendrixx;W:\sc2\my\2010-09-04 02-43-34.SC2Replay;;
1.0.3.16291;AutoMM;Europe;2010-09-04 03:01:49;Tempest;PZvPT;110, 124, 44, 133;00:12:15;SCIIGears, Fearsome vs Mat, Kubiasty;W:\sc2\my\2010-09-04 03-01-49.SC2Replay;;
1.0.3.16291;AutoMM;Europe;2010-09-04 03:17:24;Tarsonis Assault;TZvZZ;129, 120, 107, 114;00:14:55;SCIIGears, Fearsome vs Roma, Guigzzzzz;W:\sc2\my\2010-09-04 03-17-24.SC2Replay;;
1.0.3.16291;AutoMM;Europe;2010-09-04 03:29:51;Tempest;PZvTZ;100, 119, 103, 120;00:11:12;SCIIGears, Fearsome vs Yappta, Beijing;W:\sc2\my\2010-09-04 03-29-51.SC2Replay;;
1.0.3.16291;AutoMM;Europe;2010-09-04 03:39:12;Arid Wastes;PZvPT;114, 135, 134, 110;00:08:33;SCIIGears, Fearsome vs Beijing, Yappta;W:\sc2\my\2010-09-04 03-39-12.SC2Replay;;
1.0.3.16291;AutoMM;Europe;2010-09-04 03:57:45;High Orbit;ZZvZT;162, 98, 133, 93;00:16:33;SCIIGears, Fearsome vs ZIrbes, Naniwa;W:\sc2\my\2010-09-04 03-57-45.SC2Replay;;
1.0.3.16291;AutoMM;Europe;2010-09-04 04:48:09;High Ground;PZTZvZZPT;121, 112, 140, 48, 66, 54, 69, 46;00:17:10;SCIIGears, Slaan, Respire, Borg vs Segiroth, Dahastes, Paine, Bergmeister;W:\sc2\my\2010-09-04 04-48-09.SC2Replay;;
1.0.3.16291;AutoMM;Europe;2010-09-04 04:56:27;Extinction;ZZZTvTZZZ;158, 47, 46, 87, 76, 52, 56, 66;00:07:18;SCIIGears, Piezke, Borg, taa vs DemonBuster, Dahastes, Segiroth, Huma;W:\sc2\my\2010-09-04 04-56-27.SC2Replay;;
1.0.3.16291;AutoMM;Europe;2010-09-04 06:07:46;Ulaan Deeps;PTTvPZT;111, 121, 72, 53, 119, 114;00:12:44;SCIIGears, Oppenheimer, FaktioN vs LowG, Metle, kowlo;W:\sc2\my\2010-09-04 06-07-46.SC2Replay;;
1.0.3.16291;AutoMM;Europe;2010-09-05 04:22:51;High Ground;PTPZvTPTT;96, 90, 79, 63, 58, 109, 81, 97;00:14:58;SCIIGears, Thud, CrossRazor, Kogollin vs Lightstalker, Mata, iggythefisk, TIMG;W:\sc2\my\2010-09-05 04-22-51.SC2Replay;;
1.0.3.16291;AutoMM;Europe;2010-09-05 04:38:35;Sand Canyon;ZTZPvTZTT;146, 83, 84, 85, 72, 143, 115, 46;00:11:47;SCIIGears, Thud, Tempest, CrossRazor vs iggythefisk, Mata, TIMG, Lightstalker;W:\sc2\my\2010-09-05 04-38-35.SC2Replay;;
1.0.3.16291;AutoMM;Europe;2010-09-05 04:57:52;Frontier;ZZZvTZP;131, 85, 78, 90, 37, 76;00:15:46;SCIIGears, VaDe, Apo vs KiLLbOt, KuNSouLeD, SlayerAil;W:\sc2\my\2010-09-05 04-57-52.SC2Replay;;
1.0.3.16291;AutoMM;Europe;2010-09-05 05:35:35;Quicksand;TZPvPPT;95, 80, 41, 96, 95, 91;00:07:32;SCIIGears, Atoufidou, storeslem vs Thekiller, Pharaseas, BATISTA;W:\sc2\my\2010-09-05 05-35-35.SC2Replay;;
1.0.3.16291;AutoMM;Europe;2010-09-05 05:53:49;Ulaan Deeps;TZTvTPP;91, 111, 63, 37, 33, 51;00:15:36;SCIIGears, SvenneBurner, atinao vs nozz, Chrisz, Bonnfire;W:\sc2\my\2010-09-05 05-53-49.SC2Replay;;
1.0.3.16291;AutoMM;Europe;2010-09-05 06:24:06;Discord IV;PPvTP;84, 188, 48, 41;00:06:57;SCIIGears, CityOfAngels vs Mekteus, PoXoS;W:\sc2\my\2010-09-05 06-24-06.SC2Replay;;
1.0.3.16291;AutoMM;Europe;2010-09-05 06:32:14;Tarsonis Assault;PZvTZ;105, 102, 116, 125;00:06:43;SCIIGears, Berzergling vs mOe, Sunkel;W:\sc2\my\2010-09-05 06-32-14.SC2Replay;;
1.0.3.16291;AutoMM;Europe;2010-09-05 06:41:50;High Orbit;ZTvPP;114, 72, 79, 189;00:05:13;SCIIGears, REM vs nooooooooob, Eleven;W:\sc2\my\2010-09-05 06-41-50.SC2Replay;;
1.0.2.16223;AutoMM;America;2010-08-08 11:46:10;Metalópolis;PvT;27, 71;00:22:53;Junior vs roddds;W:\sc2\roddds- latin america replay.SC2Replay;;
1.0.0.16117;AutoMM;Asia;2010-07-30 05:55:11;고철 처리장;PvZ;143, 260;00:15:16;ChiTaPrime vs GundamWeRRa;W:\sc2\RRU - EP3 - ChiTahPrime vs GundamWeRRa.sc2replay;;
1.0.2.16223;AutoMM;Europe;2010-08-08 22:47:43;Colony 426;PZZvTPP;47, 64, 77, 88, 53, 63;00:11:11;Isalty, Valinalo, Sprite vs awishformore, matyus, XXXaviCE;W:\sc2\rshu_replay_318.SC2Replay;;
1.0.0.16117;AutoMM;America;2010-07-27 08:59:37;Scrap Station;TvP;85, 49;00:08:14;JTouche vs Zutazuta;W:\sc2\SC2S_536_JTouche_vs_Zutazuta_Scrap_Station.sc2replay;;
1.0.0.16117;AutoMM;America;2010-07-27 22:45:29;Delta Quadrant;PvP;73, 73;00:10:11;BCspirit vs Zutazuta;W:\sc2\SC2S_537_BCspirit_vs_Zutazuta_Delta_Quadrant.sc2replay;;
1.0.0.16117;AutoMM;America;2010-07-27 12:09:36;Blistering Sands;TvP;107, 125;00:16:18;iEchoic vs iNcontroL;W:\sc2\SC2S_538_iEchoic_vs_iNcontroL_Blistering_Sands.sc2replay;;
1.0.0.16117;AutoMM;America;2010-07-27 10:47:18;Kulas Ravine;TvT;142, 101;00:11:58;LzGaMeR vs iEchoic;W:\sc2\SC2S_539_LzGaMeR_vs_iEchoic_Kulas_Ravine.sc2replay;;
1.0.0.16117;AutoMM;Europe;2010-07-28 02:27:55;Metalopolis;ZvP;114, 92;00:19:00;Moose vs ErasED;W:\sc2\SC2S_540_Moose_vs_ErasED_Metalopolis.sc2replay;;
1.0.0.16117;Private;Europe;2010-07-27 18:26:07;Lost Temple;PvT;173, 144;00:04:33;mTwiNfeRnaL vs Andead;W:\sc2\SC2S_541_[EPS][Qualifier][G1]_mTwiNfeRnaL_vs_Andead_Lost_Temple.sc2replay;;
1.0.0.16117;Private;Europe;2010-07-27 18:35:54;Metalopolis;PvT;113, 134;00:08:14;mTwiNfeRnaL vs Andead;W:\sc2\SC2S_542_[EPS][Qualifier][G2]_mTwiNfeRnaL_vs_Andead_Metalopolis.sc2replay;;
1.0.0.16117;Private;Europe;2010-07-27 19:25:09;Lost Temple;ZvP;129, 160;00:12:23;Hilde vs aTnSocke;W:\sc2\SC2S_543_[EPS][Qualifier][G1]_Hilde_vs_aTnSocke_Lost_Temple.sc2replay;;
1.0.0.16117;Private;Europe;2010-07-27 18:43:15;Metalopolis;ZvP;132, 162;00:12:04;Hilde vs aTnSocke;W:\sc2\SC2S_544_[EPS][Qualifier][G2]_Hilde_vs_aTnSocke_Metalopolis.sc2replay;;
1.0.0.16117;Private;Europe;2010-07-27 18:22:34;Metalopolis;TvT;126, 122;00:09:44;miou vs GoOdy;W:\sc2\SC2S_545_[EPS][Qualifier][G1]_miou_vs_GoOdy_Metalopolis.sc2replay;;
1.0.0.16117;Private;Europe;2010-07-27 18:49:09;Verschollener Tempel;TvT;118, 124;00:19:44;GoOdy vs miou;W:\sc2\SC2S_546_[EPS][Qualifier][G2]_GoOdy_vs_miou_Lost_Temple.sc2replay;;
1.0.0.16117;Private;Europe;2010-07-27 21:42:34;Kulas Ravine;PvT;170, 119;00:13:41;aTnSocke vs GoOdy;W:\sc2\SC2S_547_[EPS][Qualifier][G1]_aTnSocke_vs_GoOdy_Kulas_Ravine.sc2replay;;
1.0.0.16117;Private;Europe;2010-07-27 21:11:43;Lost Temple;PvT;177, 119;00:26:02;aTnSocke vs GoOdy;W:\sc2\SC2S_548_[EPS][Qualifier][G2]_aTnSocke_vs_GoOdy_Lost_Temple.sc2replay;;
1.0.0.16117;Private;Europe;2010-07-27 21:21:44;Metalopolis;PvT;168, 145;00:04:39;aTnSocke vs GoOdy;W:\sc2\SC2S_549_[EPS][Qualifier][G3]_aTnSocke_vs_GoOdy_Metalopolis.sc2replay;;
1.0.0.16117;Private;Europe;2010-07-27 23:05:04;Verschollener Tempel;TvT;141, 173;00:04:25;GoOdy vs LiquidTLO;W:\sc2\SC2S_550_[EPS][Qualifier][G1]_LiquidTLO_vs_GoOdy_Lost_Temple.sc2replay;;
1.0.0.16117;Private;Europe;2010-07-27 23:21:36;Metalopolis;TvT;122, 175;00:13:45;GoOdy vs LiquidTLO;W:\sc2\SC2S_551_[EPS][Qualifier][G2]_LiquidTLO_vs_GoOdy_Metalopolis.sc2replay;;
1.0.0.16117;Private;Europe;2010-07-27 22:04:02;Verschollener Tempel;PvT;262, 195;00:10:57;mouzHasu vs LiquidTLO;W:\sc2\SC2S_552_[EPS][Qualifier][G1]_LiquidTLO_vs_mouzHasu_Lost_Temple.sc2replay;;
1.0.0.16117;Private;Europe;2010-07-27 22:51:41;Metalopolis;PvT;269, 182;00:32:18;mouzHasu vs LiquidTLO;W:\sc2\SC2S_553_[EPS][Qualifier][G2]_LiquidTLO_vs_mouzHasu_Metalopolis.sc2replay;;
1.0.0.16117;Private;Europe;2010-07-27 22:17:06;Wüstenoase;PvZ;238, 210;00:09:56;mouzHasu vs LiquidTLO;W:\sc2\SC2S_554_[EPS][Qualifier][G3]_LiquidTLO_vs_mouzHasu_Desert_Oasis.sc2replay;;
1.0.0.16117;Private;Europe;2010-07-27 18:32:46;Metalopolis;ZvP;194, 122;00:07:09;aTnMardow vs iNSoLeNCE;W:\sc2\SC2S_555_[EPS][Qualifier][G1]_aTnMardow_vs_iNSoLeNCE_Metalopolis.sc2replay;;
1.0.0.16117;Private;Europe;2010-07-27 18:24:37;Verschollener Tempel;ZvP;206, 152;00:13:51;aTnMardow vs iNSoLeNCE;W:\sc2\SC2S_556_[EPS][Qualifier][G2]_aTnMardow_vs_iNSoLeNCE_Lost_Temple.sc2replay;;
1.0.0.16117;Private;Europe;2010-07-28 19:50:57;Verschollener Tempel;TvP;186, 163;00:14:19;LiquidTLO vs iNSoLeNCE;W:\sc2\SC2S_557_[EPS][Qualifier][G1]_LiquidTLO_vs_iNSoLeNCE_Lost_Temple.sc2replay;;
1.0.0.16117;Private;Europe;2010-07-28 19:27:02;Metalopolis;PvT;120, 181;00:12:27;iNSoLeNCE vs LiquidTLO;W:\sc2\SC2S_558_[EPS][Qualifier][G2]_iNSoLeNCE_vs_LiquidTLO_Metalopolis.sc2replay;;
1.0.0.16117;Private;Europe;2010-07-27 18:28:57;Lost Temple;ZvT;173, 286;00:12:17;Mondragon vs mTwNarutO;W:\sc2\SC2S_559_[EPS][Qualifier][G1]_Mondragon_vs_mTwNarutO_Lost_Temple.sc2replay;;
1.0.0.16117;Private;Europe;2010-07-27 18:51:53;Metalopolis;ZvT;198, 257;00:18:47;Mondragon vs mTwNarutO;W:\sc2\SC2S_560_[EPS][Qualifier][G2]_Mondragon_vs_mTwNarutO_Metalopolis.sc2replay;;
1.0.0.16117;Private;Europe;2010-07-27 20:20:20;Lost Temple;TvP;244, 236;00:06:28;mTwNarutO vs mouzHasu;W:\sc2\SC2S_561_[EPS][Qualifier][G1]_mouzHasu_vs_mTwNarutO_Lost_Temple.sc2replay;;
1.0.0.16117;Private;Europe;2010-07-27 20:37:54;Metalopolis;PvT;245, 243;00:13:35;mouzHasu vs mTwNarutO;W:\sc2\SC2S_562_[EPS][Qualifier][G2]_mTwNarutO_vs_mouzHasu_Metalopolis.sc2replay;;
1.0.0.16117;Private;Europe;2010-07-27 19:44:55;Kulas Ravine;PvT;159, 147;00:07:22;aTnSocke vs Andead;W:\sc2\SC2S_563_[EPS][Qualifier][G1]_aTnSocke_vs_Andead_Kulas_Ravine.sc2replay;;
1.0.0.16117;Private;Europe;2010-07-27 18:55:20;Wüstenoase;ZvT;177, 134;00:12:39;LiquidTLO vs SoKoL;W:\sc2\SC2S_564_[EPS][Qualifier][G1]_LiquidTLO_vs_SoKoL_Desert_Oasis.sc2replay;;
1.0.0.16117;Private;Europe;2010-07-28 18:46:35;Metalopolis;ZvT;204, 154;00:09:24;LiquidTLO vs SoKoL;W:\sc2\SC2S_565_[EPS][Qualifier][G2]_LiquidTLO_vs_SoKoL_Metalopolis.sc2replay;;
1.0.0.16117;Private;Europe;2010-07-27 18:29:09;Lost Temple;ZvP;195, 133;00:17:38;aTnDarKFoRcE vs XlorD;W:\sc2\SC2S_566_[EPS][Qualifier][G1]_aTnDarKFoRcE_vs_XlorD_Lost_Temple.sc2replay;;
1.0.0.16117;Private;Europe;2010-07-27 18:43:32;Metalopolis;PvZ;133, 175;00:06:06;XlorD vs aTnDarKFoRcE;W:\sc2\SC2S_567_[EPS][Qualifier][G2]_XlorD_vs_aTnDarKFoRcE_Metalopolis.sc2replay;;
1.0.0.16117;Private;Europe;2010-07-27 19:38:46;Verschollener Tempel;TvP;116, 143;00:15:37;GoOdy vs XlorD;W:\sc2\SC2S_568_[EPS][Qualifier][G1]_GoOdy_vs_XlorD_Lost_Temple.sc2replay;;
1.0.0.16117;Private;Europe;2010-07-27 19:52:41;Felder des Krieges;TvP;119, 123;00:11:43;GoOdy vs XlorD;W:\sc2\SC2S_569_[EPS][Qualifier][G2]_GoOdy_vs_XlorD_Steppes_of_War.sc2replay;;
1.0.0.16117;AutoMM;Europe;2010-07-28 10:59:35;Quadrant Delta;PvP;36, 92;00:06:24;Caryl vs iNcoG;W:\sc2\SC2S_570_Caryl_vs_iNcoG_Delta_Quadrant.sc2replay;;
1.0.0.16117;AutoMM;Europe;2010-07-28 11:05:55;Métalopolis;PvP;103, 29;00:05:28;iNcoG vs alvy;W:\sc2\SC2S_571_iNcoG_vs_alvy_Metalopolis.sc2replay;;
1.0.0.16117;AutoMM;Europe;2010-07-28 11:17:52;Oasis du désert;PvP;30, 98;00:11:40;Erazer vs iNcoG;W:\sc2\SC2S_572_Erazer_vs_iNcoG_Desert_Oasis.sc2replay;;
1.0.0.16117;Private;Europe;2010-07-28 11:39:38;Steppes de guerre;TvT;57, 115;00:12:50;Bart vs iNcoG;W:\sc2\SC2S_573_Bart_vs_iNcoG_Steppes_of_War.sc2replay;;
1.0.0.16117;Public;America;2010-07-28 17:40:55;Agria Valley;TvZ;88, 40;00:15:34;Duban vs Roach;W:\sc2\SC2S_574_Duban_vs_Roach_Agria_Valley.sc2replay;;
1.0.0.16117;AutoMM;Europe;2010-07-28 19:52:00;Felder des Krieges - Einsteiger;TvT;84, 26;00:21:47;schnitzelGWC vs Gouvenator;W:\sc2\SC2S_575_schnitzelGWC_vs_Gouvenator_Felder_des_Krieges_-_Einsteiger.sc2replay;;
1.0.0.16117;AutoMM;America;2010-07-28 19:18:14;Kulas Ravine;ZvT;85, 91;00:16:23;Soi vs Kolu;W:\sc2\SC2S_576_Soi_vs_Kolu_Kulas_Ravine.sc2replay;;
1.0.0.16117;AutoMM;America;2010-07-28 07:26:15;Steppes of War;PvT;116, 132;00:07:09;Zutazuta vs Noah;W:\sc2\SC2S_577_Zutazuta_vs_Noah_Steppes_of_War.sc2replay;;
1.0.0.16117;AutoMM;Europe;2010-07-28 22:08:07;Désert ardent;PvT;132, 128;00:09:47;iNcoG vs Machine;W:\sc2\SC2S_578_iNcoG_vs_Machine_Blistering_Sands.sc2replay;;
1.0.0.16117;Private;Europe;2010-07-28 19:56:27;Désert ardent;PvT;133, 203;00:20:55;XlorD vs Sarens;W:\sc2\SC2S_579_[Go4SC2#24][RO16][G1]_XlorD_vs_Sarens_Blistering_Sands.sc2replay;;
1.0.0.16117;Private;Europe;2010-07-28 19:45:12;Blistering Sands;PvP;146, 117;00:12:42;Bob vs Enivid;W:\sc2\SC2S_580_[Go4SC2#24][RO16][G1]_Bob_vs_Enivid_Blistering_Sands.sc2replay;;
1.0.0.16117;Private;Europe;2010-07-28 19:45:24;Blistering Sands;ZvP;182, 188;00:12:43;lalush vs HuK;W:\sc2\SC2S_581_[Go4SC2#24][RO16][G1]_lalush_vs_HuK_Blistering_Sands.sc2replay;;
1.0.0.16117;Private;Europe;2010-07-28 19:38:17;Blistering Sands;ZvZ;187, 195;00:13:01;aTnMardow vs mTwDIMAGA;W:\sc2\SC2S_582_[Go4SC2#24][RO16][G1]_aTnMardow_vs_mTwDIMAGA_Blistering_Sands.sc2replay;;
1.0.0.16117;Private;Europe;2010-07-28 20:11:28;Kulas Ravine;ZvZ;167, 231;00:13:52;lalush vs mTwDIMAGA;W:\sc2\SC2S_583_[Go4SC2#24][Quarter][G1]_lalush_vs_mTwDIMAGA_Kulas_Ravine.sc2replay;;
1.0.0.16117;Private;Europe;2010-07-28 20:26:15;Metalopolis;ZvZ;172, 220;00:12:40;lalush vs mTwDIMAGA;W:\sc2\SC2S_584_[Go4SC2#24][Quarter][G2]_lalush_vs_mTwDIMAGA_Metalopolis.sc2replay;;
1.0.0.16117;Private;Europe;2010-07-28 19:52:11;Arenas abrasadoras;TvT;153, 124;00:07:19;LucifroN vs ThorZaIN;W:\sc2\SC2S_585_[Go4SC2#24][Quarter][G1]_LucifroN_vs_ThorZaIN_Blistering_Sands.sc2replay;;
1.0.0.16117;Private;Europe;2010-07-28 18:57:42;Desguace;TvT;132, 128;00:06:23;LucifroN vs Andead;W:\sc2\SC2S_586_[Go4SC2#24][Quarter][G2]_LucifroN_vs_Andead_Scrap_Station.sc2replay;;
1.0.0.16117;Private;Europe;2010-07-28 20:20:37;Lost Temple;TvP;187, 128;00:09:20;RoC vs Enivid;W:\sc2\SC2S_587_[Go4SC2#24][Quarter][G1]_RoC_vs_Enivid_Lost_Temple.sc2replay;;
1.0.0.16117;Private;Europe;2010-07-28 20:38:46;Steppes de guerre;TvT;214, 210;00:14:18;mTwDeMusliM vs Sarens;W:\sc2\SC2S_588_[Go4SC2#24][Quarter][G1]_mTwDeMusliM_vs_Sarens_Steppes_of_War.sc2replay;;
1.0.0.16117;Private;Europe;2010-07-28 21:18:33;Verschollener Tempel;PvT;129, 204;00:14:59;Enivid vs Sarens;W:\sc2\SC2S_589_[Go4SC2#24][Semi][G1]_Enivid_vs_Sarens_Lost_Temple.sc2replay;;
1.0.0.16117;Private;Europe;2010-07-28 21:56:20;Kulasklamm;PvT;120, 210;00:17:07;Enivid vs Sarens;W:\sc2\SC2S_590_[Go4SC2#24][Semi][G2]_Enivid_vs_Sarens_Kulas_Ravine.sc2replay;;
1.0.0.16117;Private;Europe;2010-07-28 21:35:13;Metalopolis;PvT;133, 216;00:13:10;Enivid vs Sarens;W:\sc2\SC2S_591_[Go4SC2#24][Semi][G3]_Enivid_vs_Sarens_Metalopolis.sc2replay;;
1.0.0.16117;Private;Europe;2010-07-28 21:02:19;Lost Temple;ZvT;217, 149;00:12:04;mTwDIMAGA vs LucifroN;W:\sc2\SC2S_592_[Go4SC2#24][Semi][G1]_mTwDIMAGA_vs_LucifroN_Lost_Temple.sc2replay;;
1.0.0.16117;Private;Europe;2010-07-28 21:09:49;Scrap Station;ZvT;237, 194;00:04:53;mTwDIMAGA vs LucifroN;W:\sc2\SC2S_593_[Go4SC2#24][Semi][G2]_mTwDIMAGA_vs_LucifroN_Scrap_Station.sc2replay;;
1.0.0.16117;Private;Europe;2010-07-28 21:23:29;Kulas Ravine;TvZ;139, 260;00:06:01;LucifroN vs mTwDIMAGA;W:\sc2\SC2S_594_[Go4SC2#24][Semi][G3]_LucifroN_vs_mTwDIMAGA_Kulas_Ravine.sc2replay;;
1.0.0.16117;Private;Europe;2010-07-28 22:26:21;Steppes of War;ZvT;197, 202;00:18:14;mTwDIMAGA vs Sarens;W:\sc2\SC2S_595_[Go4SC2#24][Final][G1]_mTwDIMAGA_vs_Sarens_Steppes_of_War.sc2replay;;
1.0.0.16117;Private;Europe;2010-07-28 22:42:17;Kulas Ravine;ZvT;228, 247;00:10:44;mTwDIMAGA vs Sarens;W:\sc2\SC2S_596_[Go4SC2#24][Final][G2]_mTwDIMAGA_vs_Sarens_Kulas_Ravine.sc2replay;;
1.0.0.16117;Private;Europe;2010-07-28 22:59:42;Lost Temple;ZvT;206, 251;00:09:44;mTwDIMAGA vs Sarens;W:\sc2\SC2S_597_[Go4SC2#24][Final][G3]_mTwDIMAGA_vs_Sarens_Lost_Temple.sc2replay;;
1.0.0.16117;AutoMM;Europe;2010-07-28 18:19:05;Glühende Sande;TvT;51, 83;00:09:09;Poma vs Vashjir;W:\sc2\SC2S_598_Poma_vs_Vashjir_Blistering_Sands.sc2replay;;
1.0.0.16117;AutoMM;America;2010-07-29 04:04:21;Lost Temple;PvT;100, 262;00:08:44;Bluewolf vs SeleCT;W:\sc2\SC2S_599_Bluewolf_vs_SeleCT_Lost_Temple.sc2replay;;
1.0.0.16117;AutoMM;America;2010-07-30 04:48:57;Delta Quadrant;PvT;30, 80;00:21:02;chubba vs ACERGAME;W:\sc2\SC2S_600_chubba_vs_ACERGAME_Delta_Quadrant.sc2replay;;
1.0.0.16117;AutoMM;America;2010-07-29 05:58:54;Scrap Station;TvZ;114, 64;00:10:26;Kolu vs Bgheff;W:\sc2\SC2S_601_Kolu_vs_Bgheff_Scrap_Station.sc2replay;;
1.0.0.16117;AutoMM;Southeast Asia;2010-07-29 12:35:29;Scrap Station;TvP;177, 133;00:24:55;SadTerran vs Plexa;W:\sc2\SC2S_619_SadTerran_vs_Plexa_Scrap_Station.sc2replay;;
1.0.0.16117;AutoMM;Southeast Asia;2010-07-30 02:42:19;Xel'Naga Caverns;TvT;71, 103;00:09:35;emil vs Nuri;W:\sc2\SC2S_622_emil_vs_Nuri_XelNaga_Caverns.sc2replay;;
1.0.2.16223;AutoMM;America;2010-08-06 02:13:54;Lost Temple;ZvP;135, 69;00:08:36;Hagbard vs theclenin;W:\sc2\SC2S_885_Hagbard_vs_theclenin_Lost_Temple.sc2replay;;
1.0.2.16223;AutoMM;Europe;2010-08-06 09:44:17;Metalopolis;ZvT;87, 129;00:09:27;FineDayToDie vs TheMista;W:\sc2\SC2S_916_FineDayToDie_vs_TheMista_Metalopolis.sc2replay;;
1.0.2.16223;AutoMM;Europe;2010-08-06 09:55:58;Xel'Naga Caverns;TvZ;91, 150;00:19:30;AmneSiac vs TroY;W:\sc2\SC2S_917_AmneSiac_vs_TroY_XelNaga_Caverns.sc2replay;;
1.0.2.16223;AutoMM;Europe;2010-08-09 15:53:38;Megaton;TTPTvZZTP;47, 47, 24, 23, 53, 75, 87, 31;00:40:56;Crisis, Walkyr, Myuk, CarmineLPT vs Engager, KeL, Oblion, Gildegaar;W:\sc2\sc2_replay_ epicness.SC2Replay;;
1.0.0.16117;AutoMM;Europe;2010-07-27 19:22:34;Schrottplatz;TvZ;82, 139;00:36:35;Nash vs Zodiak;W:\sc2\Scrap Station.SC2Replay;;
1.0.0.16117;Single player;Unknown;2010-07-28 00:55:05;Just Another StarCraft II Map;Z;0;00:01:03;Local Player;W:\sc2\Single\Just Another StarCraft II Map (3).SC2Replay;;
1.0.1.16195;AutoMM;Asia;2010-08-02 05:30:23;失落神廟;TvT;96, 104;00:29:50;怒风行者 vs Elvin;W:\sc2\Taiwan 1.SC2Replay;;
1.0.0.16117;AutoMM;Asia;2010-07-27 19:18:08;紛爭 IV;TZvTZ;75, 81, 119, 122;00:14:22;GANTZ, barbarian vs Elvin, Emptie;W:\sc2\Taiwan 2.SC2Replay;;
1.0.1.16195;AutoMM;America;2010-07-31 18:23:13;Xel'Naga Caverns;PvT;208, 124;00:08:22;IefNaij vs Tasteless;W:\sc2\TastelessVSJF_TvP_RRU - EP1.SC2Replay;;
1.0.0.16117;AutoMM;Europe;2010-07-28 02:46:39;Steppes of War;TvZ;87, 192;00:18:38;gZuu vs Zoe;W:\sc2\TvZ Zoe v gZuu.SC2Replay;;
1.0.2.16223;Private;Europe;2010-08-08 18:13:48;Kulasklamm;TvP;109, 96;00:07:15;SharkGSjoW vs AcRo;W:\sc2\zotac\ZOTAC StarCraft II #1\1. Quarterfinals\AcRo vs SjoW\AcRo vs SjoW #1.SC2Replay;;
1.0.2.16223;Private;Europe;2010-08-08 18:26:58;Verschollener Tempel;TvP;109, 95;00:10:42;SharkGSjoW vs AcRo;W:\sc2\zotac\ZOTAC StarCraft II #1\1. Quarterfinals\AcRo vs SjoW\AcRo vs SjoW #2.SC2Replay;;
1.0.2.16223;Private;Europe;2010-08-08 18:41:59;Wüstenoase;PvT;97, 103;00:11:46;AcRo vs SharkGSjoW;W:\sc2\zotac\ZOTAC StarCraft II #1\1. Quarterfinals\AcRo vs SjoW\AcRo vs SjoW #3.SC2Replay;;
1.0.2.16223;Private;Europe;2010-08-08 17:43:03;Kulasklamm;TvP;232, 166;00:12:25;srsRAZERnAni vs aTnSocke;W:\sc2\zotac\ZOTAC StarCraft II #1\1. Quarterfinals\Naniwa vs Socke\Naniwa vs Socke #1.SC2Replay;;
1.0.2.16223;Private;Europe;2010-08-08 18:06:36;Metalopolis;PvT;212, 204;00:21:02;aTnSocke vs srsRAZERnAni;W:\sc2\zotac\ZOTAC StarCraft II #1\1. Quarterfinals\Naniwa vs Socke\Naniwa vs Socke #2.SC2Replay;;
1.0.2.16223;Private;Europe;2010-08-08 18:39:42;Steppes of War;PvT;207, 211;00:27:15;aTnSocke vs srsRAZERnAni;W:\sc2\zotac\ZOTAC StarCraft II #1\1. Quarterfinals\Naniwa vs Socke\Naniwa vs Socke #3.SC2Replay;;
1.0.2.16223;Private;Europe;2010-08-08 17:32:43;Kulas Ravine;TvT;146, 181;00:22:23;Satiini vs SunShinESWE;W:\sc2\zotac\ZOTAC StarCraft II #1\1. Quarterfinals\Satiini vs SunShinE\Satiini vs SunShinE #1.SC2Replay;;
1.0.2.16223;AutoMM;Europe;2010-08-06 22:59:50;Steppes of War;TvT;176, 156;00:03:39;Satiini vs ServyOa;W:\sc2\zotac\ZOTAC StarCraft II #1\1. Quarterfinals\Satiini vs SunShinE\Satiini vs SunShinE #2.SC2Replay;;
1.0.2.16223;Private;Europe;2010-08-08 17:52:05;Kulas Ravine;TvT;134, 256;00:08:49;Drafter vs Tarson;W:\sc2\zotac\ZOTAC StarCraft II #1\1. Quarterfinals\Tarson vs Drafter\Tarson vs Drafter #1.SC2Replay;;
1.0.2.16223;Private;Europe;2010-08-08 18:03:04;Lost Temple;TvT;160, 247;00:07:53;Drafter vs Tarson;W:\sc2\zotac\ZOTAC StarCraft II #1\1. Quarterfinals\Tarson vs Drafter\Tarson vs Drafter #2.SC2Replay;;
1.0.2.16223;Private;Europe;2010-08-08 20:08:14;Steppes of War;TvP;191, 192;00:26:09;Satiini vs aTnSocke;W:\sc2\zotac\ZOTAC StarCraft II #1\2. Semifinals\Satiini vs Socke\Satiini vs Socke #1.SC2Replay;;
1.0.2.16223;Private;Europe;2010-08-08 20:22:14;Lost Temple;TvP;158, 173;00:05:51;Satiini vs aTnSocke;W:\sc2\zotac\ZOTAC StarCraft II #1\2. Semifinals\Satiini vs Socke\Satiini vs Socke #2.SC2Replay;;
1.0.2.16223;Private;Europe;2010-08-08 19:01:07;Steppes of War;TvT;237, 107;00:08:03;Tarson vs SharkGSjoW;W:\sc2\zotac\ZOTAC StarCraft II #1\2. Semifinals\Tarson vs Sjow\Tarson vs Sjow #1.SC2Replay;;
1.0.2.16223;Private;Europe;2010-08-08 19:19:07;Lost Temple;TvT;208, 113;00:13:16;Tarson vs SharkGSjoW;W:\sc2\zotac\ZOTAC StarCraft II #1\2. Semifinals\Tarson vs Sjow\Tarson vs Sjow #2.SC2Replay;;
1.0.2.16223;Private;Europe;2010-08-08 20:38:10;Blistering Sands;PvT;170, 118;00:07:58;aTnSocke vs SharkGSjoW;W:\sc2\zotac\ZOTAC StarCraft II #1\3. Grandfinals\Socke vs Sjow\Socke vs Sjow #1.SC2Replay;;
1.0.2.16223;Private;Europe;2010-08-08 20:51:32;Metalopolis;PvT;175, 112;00:08:13;aTnSocke vs SharkGSjoW;W:\sc2\zotac\ZOTAC StarCraft II #1\3. Grandfinals\Socke vs Sjow\Socke vs Sjow #2.SC2Replay;;
1.0.2.16223;Private;Europe;2010-08-08 21:08:39;Lost Temple;PvT;200, 119;00:14:15;aTnSocke vs SharkGSjoW;W:\sc2\zotac\ZOTAC StarCraft II #1\3. Grandfinals\Socke vs Sjow\Socke vs Sjow #3.SC2Replay;;
1.0.2.16223;Private;Europe;2010-08-08 21:28:02;Kulas Ravine;TvP;120, 178;00:16:05;SharkGSjoW vs aTnSocke;W:\sc2\zotac\ZOTAC StarCraft II #1\3. Grandfinals\Socke vs Sjow\Socke vs Sjow #4.SC2Replay;;
1.0.2.16223;Private;Europe;2010-08-08 21:42:38;Steppes of War;PvT;202, 120;00:10:01;aTnSocke vs SharkGSjoW;W:\sc2\zotac\ZOTAC StarCraft II #1\3. Grandfinals\Socke vs Sjow\Socke vs Sjow #5.SC2Replay;;
